network,node number,x,y,z,name,description
AM,1,-1,-53,21,Autobiographical memory,"A central domain involved in a core network linked to self-projection and scene construction is remembering personal events from one’s own past (Spreng, Mar, & Kim, 2008). Within that core network, an autobiographical memory network was found within the medial and lateral temporal cortices, precuneus, posterior cingulate cortex, retrosplenial cortex, temporo-parietal junction, lateral prefrontal and occipital cortices and medial prefrontal cortex (Spreng et al., 2008)."
AM,2,-26,-28,-17,Autobiographical memory,"A central domain involved in a core network linked to self-projection and scene construction is remembering personal events from one’s own past (Spreng, Mar, & Kim, 2008). Within that core network, an autobiographical memory network was found within the medial and lateral temporal cortices, precuneus, posterior cingulate cortex, retrosplenial cortex, temporo-parietal junction, lateral prefrontal and occipital cortices and medial prefrontal cortex (Spreng et al., 2008)."
AM,3,-49,-61,31,Autobiographical memory,"A central domain involved in a core network linked to self-projection and scene construction is remembering personal events from one’s own past (Spreng, Mar, & Kim, 2008). Within that core network, an autobiographical memory network was found within the medial and lateral temporal cortices, precuneus, posterior cingulate cortex, retrosplenial cortex, temporo-parietal junction, lateral prefrontal and occipital cortices and medial prefrontal cortex (Spreng et al., 2008)."
AM,4,-2,51,-11,Autobiographical memory,"A central domain involved in a core network linked to self-projection and scene construction is remembering personal events from one’s own past (Spreng, Mar, & Kim, 2008). Within that core network, an autobiographical memory network was found within the medial and lateral temporal cortices, precuneus, posterior cingulate cortex, retrosplenial cortex, temporo-parietal junction, lateral prefrontal and occipital cortices and medial prefrontal cortex (Spreng et al., 2008)."
AM,5,-60,-9,-18,Autobiographical memory,"A central domain involved in a core network linked to self-projection and scene construction is remembering personal events from one’s own past (Spreng, Mar, & Kim, 2008). Within that core network, an autobiographical memory network was found within the medial and lateral temporal cortices, precuneus, posterior cingulate cortex, retrosplenial cortex, temporo-parietal junction, lateral prefrontal and occipital cortices and medial prefrontal cortex (Spreng et al., 2008)."
AM,6,-50,27,-12,Autobiographical memory,"A central domain involved in a core network linked to self-projection and scene construction is remembering personal events from one’s own past (Spreng, Mar, & Kim, 2008). Within that core network, an autobiographical memory network was found within the medial and lateral temporal cortices, precuneus, posterior cingulate cortex, retrosplenial cortex, temporo-parietal junction, lateral prefrontal and occipital cortices and medial prefrontal cortex (Spreng et al., 2008)."
AM,7,26,-33,-15,Autobiographical memory,"A central domain involved in a core network linked to self-projection and scene construction is remembering personal events from one’s own past (Spreng, Mar, & Kim, 2008). Within that core network, an autobiographical memory network was found within the medial and lateral temporal cortices, precuneus, posterior cingulate cortex, retrosplenial cortex, temporo-parietal junction, lateral prefrontal and occipital cortices and medial prefrontal cortex (Spreng et al., 2008)."
AM,8,-1,20,57,Autobiographical memory,"A central domain involved in a core network linked to self-projection and scene construction is remembering personal events from one’s own past (Spreng, Mar, & Kim, 2008). Within that core network, an autobiographical memory network was found within the medial and lateral temporal cortices, precuneus, posterior cingulate cortex, retrosplenial cortex, temporo-parietal junction, lateral prefrontal and occipital cortices and medial prefrontal cortex (Spreng et al., 2008)."
AM,9,55,-58,30,Autobiographical memory,"A central domain involved in a core network linked to self-projection and scene construction is remembering personal events from one’s own past (Spreng, Mar, & Kim, 2008). Within that core network, an autobiographical memory network was found within the medial and lateral temporal cortices, precuneus, posterior cingulate cortex, retrosplenial cortex, temporo-parietal junction, lateral prefrontal and occipital cortices and medial prefrontal cortex (Spreng et al., 2008)."
AM,10,-47,9,46,Autobiographical memory,"A central domain involved in a core network linked to self-projection and scene construction is remembering personal events from one’s own past (Spreng, Mar, & Kim, 2008). Within that core network, an autobiographical memory network was found within the medial and lateral temporal cortices, precuneus, posterior cingulate cortex, retrosplenial cortex, temporo-parietal junction, lateral prefrontal and occipital cortices and medial prefrontal cortex (Spreng et al., 2008)."
AM,11,-42,53,7,Autobiographical memory,"A central domain involved in a core network linked to self-projection and scene construction is remembering personal events from one’s own past (Spreng, Mar, & Kim, 2008). Within that core network, an autobiographical memory network was found within the medial and lateral temporal cortices, precuneus, posterior cingulate cortex, retrosplenial cortex, temporo-parietal junction, lateral prefrontal and occipital cortices and medial prefrontal cortex (Spreng et al., 2008)."
AM,12,26,-14,-23,Autobiographical memory,"A central domain involved in a core network linked to self-projection and scene construction is remembering personal events from one’s own past (Spreng, Mar, & Kim, 2008). Within that core network, an autobiographical memory network was found within the medial and lateral temporal cortices, precuneus, posterior cingulate cortex, retrosplenial cortex, temporo-parietal junction, lateral prefrontal and occipital cortices and medial prefrontal cortex (Spreng et al., 2008)."
AM,13,52,-5,-18,Autobiographical memory,"A central domain involved in a core network linked to self-projection and scene construction is remembering personal events from one’s own past (Spreng, Mar, & Kim, 2008). Within that core network, an autobiographical memory network was found within the medial and lateral temporal cortices, precuneus, posterior cingulate cortex, retrosplenial cortex, temporo-parietal junction, lateral prefrontal and occipital cortices and medial prefrontal cortex (Spreng et al., 2008)."
AM,14,-39,13,-41,Autobiographical memory,"A central domain involved in a core network linked to self-projection and scene construction is remembering personal events from one’s own past (Spreng, Mar, & Kim, 2008). Within that core network, an autobiographical memory network was found within the medial and lateral temporal cortices, precuneus, posterior cingulate cortex, retrosplenial cortex, temporo-parietal junction, lateral prefrontal and occipital cortices and medial prefrontal cortex (Spreng et al., 2008)."
AM,15,-38,-82,38,Autobiographical memory,"A central domain involved in a core network linked to self-projection and scene construction is remembering personal events from one’s own past (Spreng, Mar, & Kim, 2008). Within that core network, an autobiographical memory network was found within the medial and lateral temporal cortices, precuneus, posterior cingulate cortex, retrosplenial cortex, temporo-parietal junction, lateral prefrontal and occipital cortices and medial prefrontal cortex (Spreng et al., 2008)."
AM,16,-48,29,17,Autobiographical memory,"A central domain involved in a core network linked to self-projection and scene construction is remembering personal events from one’s own past (Spreng, Mar, & Kim, 2008). Within that core network, an autobiographical memory network was found within the medial and lateral temporal cortices, precuneus, posterior cingulate cortex, retrosplenial cortex, temporo-parietal junction, lateral prefrontal and occipital cortices and medial prefrontal cortex (Spreng et al., 2008)."
AM,17,52,31,-11,Autobiographical memory,"A central domain involved in a core network linked to self-projection and scene construction is remembering personal events from one’s own past (Spreng, Mar, & Kim, 2008). Within that core network, an autobiographical memory network was found within the medial and lateral temporal cortices, precuneus, posterior cingulate cortex, retrosplenial cortex, temporo-parietal junction, lateral prefrontal and occipital cortices and medial prefrontal cortex (Spreng et al., 2008)."
AM,18,-11,62,9,Autobiographical memory,"A central domain involved in a core network linked to self-projection and scene construction is remembering personal events from one’s own past (Spreng, Mar, & Kim, 2008). Within that core network, an autobiographical memory network was found within the medial and lateral temporal cortices, precuneus, posterior cingulate cortex, retrosplenial cortex, temporo-parietal junction, lateral prefrontal and occipital cortices and medial prefrontal cortex (Spreng et al., 2008)."
AM,19,4,-8,2,Autobiographical memory,"A central domain involved in a core network linked to self-projection and scene construction is remembering personal events from one’s own past (Spreng, Mar, & Kim, 2008). Within that core network, an autobiographical memory network was found within the medial and lateral temporal cortices, precuneus, posterior cingulate cortex, retrosplenial cortex, temporo-parietal junction, lateral prefrontal and occipital cortices and medial prefrontal cortex (Spreng et al., 2008)."
AM,20,-4,39,16,Autobiographical memory,"A central domain involved in a core network linked to self-projection and scene construction is remembering personal events from one’s own past (Spreng, Mar, & Kim, 2008). Within that core network, an autobiographical memory network was found within the medial and lateral temporal cortices, precuneus, posterior cingulate cortex, retrosplenial cortex, temporo-parietal junction, lateral prefrontal and occipital cortices and medial prefrontal cortex (Spreng et al., 2008)."
AM,21,-5,-34,36,Autobiographical memory,"A central domain involved in a core network linked to self-projection and scene construction is remembering personal events from one’s own past (Spreng, Mar, & Kim, 2008). Within that core network, an autobiographical memory network was found within the medial and lateral temporal cortices, precuneus, posterior cingulate cortex, retrosplenial cortex, temporo-parietal junction, lateral prefrontal and occipital cortices and medial prefrontal cortex (Spreng et al., 2008)."
AM,22,-29,16,51,Autobiographical memory,"A central domain involved in a core network linked to self-projection and scene construction is remembering personal events from one’s own past (Spreng, Mar, & Kim, 2008). Within that core network, an autobiographical memory network was found within the medial and lateral temporal cortices, precuneus, posterior cingulate cortex, retrosplenial cortex, temporo-parietal junction, lateral prefrontal and occipital cortices and medial prefrontal cortex (Spreng et al., 2008)."
AM,23,31,1,-26,Autobiographical memory,"A central domain involved in a core network linked to self-projection and scene construction is remembering personal events from one’s own past (Spreng, Mar, & Kim, 2008). Within that core network, an autobiographical memory network was found within the medial and lateral temporal cortices, precuneus, posterior cingulate cortex, retrosplenial cortex, temporo-parietal junction, lateral prefrontal and occipital cortices and medial prefrontal cortex (Spreng et al., 2008)."
CogAC,1,36,22,-4,Cognitive attention control,"The CogAC network (Cieslik, Mueller, Eickhoff, Langner, & Eickhoff, 2013) is involved in higher level control processes and goal-oriented behaviour and consists of the anterior insula, inferior frontal gyrus, dorsolateral prefrontal cortex, dorsal premotor cortex, bilateral intraparietal sulcus and superior parietal lobe, right temporo-parietal junction, left inferior occipital gyrus, pre-supplementary motor area and anterior midcingulate cortex, as well as the right thalamus and right caudate nucleus."
CogAC,2,2,16,48,Cognitive attention control,"The CogAC network (Cieslik, Mueller, Eickhoff, Langner, & Eickhoff, 2013) is involved in higher level control processes and goal-oriented behaviour and consists of the anterior insula, inferior frontal gyrus, dorsolateral prefrontal cortex, dorsal premotor cortex, bilateral intraparietal sulcus and superior parietal lobe, right temporo-parietal junction, left inferior occipital gyrus, pre-supplementary motor area and anterior midcingulate cortex, as well as the right thalamus and right caudate nucleus."
CogAC,3,48,12,30,Cognitive attention control,"The CogAC network (Cieslik, Mueller, Eickhoff, Langner, & Eickhoff, 2013) is involved in higher level control processes and goal-oriented behaviour and consists of the anterior insula, inferior frontal gyrus, dorsolateral prefrontal cortex, dorsal premotor cortex, bilateral intraparietal sulcus and superior parietal lobe, right temporo-parietal junction, left inferior occipital gyrus, pre-supplementary motor area and anterior midcingulate cortex, as well as the right thalamus and right caudate nucleus."
CogAC,4,36,2,54,Cognitive attention control,"The CogAC network (Cieslik, Mueller, Eickhoff, Langner, & Eickhoff, 2013) is involved in higher level control processes and goal-oriented behaviour and consists of the anterior insula, inferior frontal gyrus, dorsolateral prefrontal cortex, dorsal premotor cortex, bilateral intraparietal sulcus and superior parietal lobe, right temporo-parietal junction, left inferior occipital gyrus, pre-supplementary motor area and anterior midcingulate cortex, as well as the right thalamus and right caudate nucleus."
CogAC,5,48,30,24,Cognitive attention control,"The CogAC network (Cieslik, Mueller, Eickhoff, Langner, & Eickhoff, 2013) is involved in higher level control processes and goal-oriented behaviour and consists of the anterior insula, inferior frontal gyrus, dorsolateral prefrontal cortex, dorsal premotor cortex, bilateral intraparietal sulcus and superior parietal lobe, right temporo-parietal junction, left inferior occipital gyrus, pre-supplementary motor area and anterior midcingulate cortex, as well as the right thalamus and right caudate nucleus."
CogAC,6,-38,-44,46,Cognitive attention control,"The CogAC network (Cieslik, Mueller, Eickhoff, Langner, & Eickhoff, 2013) is involved in higher level control processes and goal-oriented behaviour and consists of the anterior insula, inferior frontal gyrus, dorsolateral prefrontal cortex, dorsal premotor cortex, bilateral intraparietal sulcus and superior parietal lobe, right temporo-parietal junction, left inferior occipital gyrus, pre-supplementary motor area and anterior midcingulate cortex, as well as the right thalamus and right caudate nucleus."
CogAC,7,-24,-66,48,Cognitive attention control,"The CogAC network (Cieslik, Mueller, Eickhoff, Langner, & Eickhoff, 2013) is involved in higher level control processes and goal-oriented behaviour and consists of the anterior insula, inferior frontal gyrus, dorsolateral prefrontal cortex, dorsal premotor cortex, bilateral intraparietal sulcus and superior parietal lobe, right temporo-parietal junction, left inferior occipital gyrus, pre-supplementary motor area and anterior midcingulate cortex, as well as the right thalamus and right caudate nucleus."
CogAC,8,40,-46,46,Cognitive attention control,"The CogAC network (Cieslik, Mueller, Eickhoff, Langner, & Eickhoff, 2013) is involved in higher level control processes and goal-oriented behaviour and consists of the anterior insula, inferior frontal gyrus, dorsolateral prefrontal cortex, dorsal premotor cortex, bilateral intraparietal sulcus and superior parietal lobe, right temporo-parietal junction, left inferior occipital gyrus, pre-supplementary motor area and anterior midcingulate cortex, as well as the right thalamus and right caudate nucleus."
CogAC,9,60,-44,24,Cognitive attention control,"The CogAC network (Cieslik, Mueller, Eickhoff, Langner, & Eickhoff, 2013) is involved in higher level control processes and goal-oriented behaviour and consists of the anterior insula, inferior frontal gyrus, dorsolateral prefrontal cortex, dorsal premotor cortex, bilateral intraparietal sulcus and superior parietal lobe, right temporo-parietal junction, left inferior occipital gyrus, pre-supplementary motor area and anterior midcingulate cortex, as well as the right thalamus and right caudate nucleus."
CogAC,10,30,-62,52,Cognitive attention control,"The CogAC network (Cieslik, Mueller, Eickhoff, Langner, & Eickhoff, 2013) is involved in higher level control processes and goal-oriented behaviour and consists of the anterior insula, inferior frontal gyrus, dorsolateral prefrontal cortex, dorsal premotor cortex, bilateral intraparietal sulcus and superior parietal lobe, right temporo-parietal junction, left inferior occipital gyrus, pre-supplementary motor area and anterior midcingulate cortex, as well as the right thalamus and right caudate nucleus."
CogAC,11,-44,10,30,Cognitive attention control,"The CogAC network (Cieslik, Mueller, Eickhoff, Langner, & Eickhoff, 2013) is involved in higher level control processes and goal-oriented behaviour and consists of the anterior insula, inferior frontal gyrus, dorsolateral prefrontal cortex, dorsal premotor cortex, bilateral intraparietal sulcus and superior parietal lobe, right temporo-parietal junction, left inferior occipital gyrus, pre-supplementary motor area and anterior midcingulate cortex, as well as the right thalamus and right caudate nucleus."
CogAC,12,-34,20,-4,Cognitive attention control,"The CogAC network (Cieslik, Mueller, Eickhoff, Langner, & Eickhoff, 2013) is involved in higher level control processes and goal-oriented behaviour and consists of the anterior insula, inferior frontal gyrus, dorsolateral prefrontal cortex, dorsal premotor cortex, bilateral intraparietal sulcus and superior parietal lobe, right temporo-parietal junction, left inferior occipital gyrus, pre-supplementary motor area and anterior midcingulate cortex, as well as the right thalamus and right caudate nucleus."
CogAC,13,-26,2,52,Cognitive attention control,"The CogAC network (Cieslik, Mueller, Eickhoff, Langner, & Eickhoff, 2013) is involved in higher level control processes and goal-oriented behaviour and consists of the anterior insula, inferior frontal gyrus, dorsolateral prefrontal cortex, dorsal premotor cortex, bilateral intraparietal sulcus and superior parietal lobe, right temporo-parietal junction, left inferior occipital gyrus, pre-supplementary motor area and anterior midcingulate cortex, as well as the right thalamus and right caudate nucleus."
CogAC,14,6,-18,-2,Cognitive attention control,"The CogAC network (Cieslik, Mueller, Eickhoff, Langner, & Eickhoff, 2013) is involved in higher level control processes and goal-oriented behaviour and consists of the anterior insula, inferior frontal gyrus, dorsolateral prefrontal cortex, dorsal premotor cortex, bilateral intraparietal sulcus and superior parietal lobe, right temporo-parietal junction, left inferior occipital gyrus, pre-supplementary motor area and anterior midcingulate cortex, as well as the right thalamus and right caudate nucleus."
CogAC,15,-40,-66,-10,Cognitive attention control,"The CogAC network (Cieslik, Mueller, Eickhoff, Langner, & Eickhoff, 2013) is involved in higher level control processes and goal-oriented behaviour and consists of the anterior insula, inferior frontal gyrus, dorsolateral prefrontal cortex, dorsal premotor cortex, bilateral intraparietal sulcus and superior parietal lobe, right temporo-parietal junction, left inferior occipital gyrus, pre-supplementary motor area and anterior midcingulate cortex, as well as the right thalamus and right caudate nucleus."
CogAC,16,48,19,6,Cognitive attention control,"The CogAC network (Cieslik, Mueller, Eickhoff, Langner, & Eickhoff, 2013) is involved in higher level control processes and goal-oriented behaviour and consists of the anterior insula, inferior frontal gyrus, dorsolateral prefrontal cortex, dorsal premotor cortex, bilateral intraparietal sulcus and superior parietal lobe, right temporo-parietal junction, left inferior occipital gyrus, pre-supplementary motor area and anterior midcingulate cortex, as well as the right thalamus and right caudate nucleus."
CogAC,17,8,29,30,Cognitive attention control,"The CogAC network (Cieslik, Mueller, Eickhoff, Langner, & Eickhoff, 2013) is involved in higher level control processes and goal-oriented behaviour and consists of the anterior insula, inferior frontal gyrus, dorsolateral prefrontal cortex, dorsal premotor cortex, bilateral intraparietal sulcus and superior parietal lobe, right temporo-parietal junction, left inferior occipital gyrus, pre-supplementary motor area and anterior midcingulate cortex, as well as the right thalamus and right caudate nucleus."
CogAC,18,-45,27,30,Cognitive attention control,"The CogAC network (Cieslik, Mueller, Eickhoff, Langner, & Eickhoff, 2013) is involved in higher level control processes and goal-oriented behaviour and consists of the anterior insula, inferior frontal gyrus, dorsolateral prefrontal cortex, dorsal premotor cortex, bilateral intraparietal sulcus and superior parietal lobe, right temporo-parietal junction, left inferior occipital gyrus, pre-supplementary motor area and anterior midcingulate cortex, as well as the right thalamus and right caudate nucleus."
CogAC,19,11,7,7,Cognitive attention control,"The CogAC network (Cieslik, Mueller, Eickhoff, Langner, & Eickhoff, 2013) is involved in higher level control processes and goal-oriented behaviour and consists of the anterior insula, inferior frontal gyrus, dorsolateral prefrontal cortex, dorsal premotor cortex, bilateral intraparietal sulcus and superior parietal lobe, right temporo-parietal junction, left inferior occipital gyrus, pre-supplementary motor area and anterior midcingulate cortex, as well as the right thalamus and right caudate nucleus."
eMDN,1,-46,6,30,Extended multiple demand network,"Executive functions are fundamental to a variety of behaviours and recruit a core network of brain regions linked to a multiple demand system and additional more task-specific sub-networks. This eMDN consists of the bilateral inferior frontal gyrus, insula, supplementary motor area, intraparietal sulcus, middle frontal gyrus, dorsal pre-motor cortex, putamen, thalamus and the left inferior temporal gyrus (Camilleri et al., 2016)."
eMDN,2,50,12,28,Extended multiple demand network,"Executive functions are fundamental to a variety of behaviours and recruit a core network of brain regions linked to a multiple demand system and additional more task-specific sub-networks. This eMDN consists of the bilateral inferior frontal gyrus, insula, supplementary motor area, intraparietal sulcus, middle frontal gyrus, dorsal pre-motor cortex, putamen, thalamus and the left inferior temporal gyrus (Camilleri et al., 2016)."
eMDN,3,-32,20,2,Extended multiple demand network,"Executive functions are fundamental to a variety of behaviours and recruit a core network of brain regions linked to a multiple demand system and additional more task-specific sub-networks. This eMDN consists of the bilateral inferior frontal gyrus, insula, supplementary motor area, intraparietal sulcus, middle frontal gyrus, dorsal pre-motor cortex, putamen, thalamus and the left inferior temporal gyrus (Camilleri et al., 2016)."
eMDN,4,36,22,0,Extended multiple demand network,"Executive functions are fundamental to a variety of behaviours and recruit a core network of brain regions linked to a multiple demand system and additional more task-specific sub-networks. This eMDN consists of the bilateral inferior frontal gyrus, insula, supplementary motor area, intraparietal sulcus, middle frontal gyrus, dorsal pre-motor cortex, putamen, thalamus and the left inferior temporal gyrus (Camilleri et al., 2016)."
eMDN,5,-4,14,44,Extended multiple demand network,"Executive functions are fundamental to a variety of behaviours and recruit a core network of brain regions linked to a multiple demand system and additional more task-specific sub-networks. This eMDN consists of the bilateral inferior frontal gyrus, insula, supplementary motor area, intraparietal sulcus, middle frontal gyrus, dorsal pre-motor cortex, putamen, thalamus and the left inferior temporal gyrus (Camilleri et al., 2016)."
eMDN,6,6,18,46,Extended multiple demand network,"Executive functions are fundamental to a variety of behaviours and recruit a core network of brain regions linked to a multiple demand system and additional more task-specific sub-networks. This eMDN consists of the bilateral inferior frontal gyrus, insula, supplementary motor area, intraparietal sulcus, middle frontal gyrus, dorsal pre-motor cortex, putamen, thalamus and the left inferior temporal gyrus (Camilleri et al., 2016)."
eMDN,7,-32,-52,46,Extended multiple demand network,"Executive functions are fundamental to a variety of behaviours and recruit a core network of brain regions linked to a multiple demand system and additional more task-specific sub-networks. This eMDN consists of the bilateral inferior frontal gyrus, insula, supplementary motor area, intraparietal sulcus, middle frontal gyrus, dorsal pre-motor cortex, putamen, thalamus and the left inferior temporal gyrus (Camilleri et al., 2016)."
eMDN,8,32,-58,48,Extended multiple demand network,"Executive functions are fundamental to a variety of behaviours and recruit a core network of brain regions linked to a multiple demand system and additional more task-specific sub-networks. This eMDN consists of the bilateral inferior frontal gyrus, insula, supplementary motor area, intraparietal sulcus, middle frontal gyrus, dorsal pre-motor cortex, putamen, thalamus and the left inferior temporal gyrus (Camilleri et al., 2016)."
eMDN,9,44,36,20,Extended multiple demand network,"Executive functions are fundamental to a variety of behaviours and recruit a core network of brain regions linked to a multiple demand system and additional more task-specific sub-networks. This eMDN consists of the bilateral inferior frontal gyrus, insula, supplementary motor area, intraparietal sulcus, middle frontal gyrus, dorsal pre-motor cortex, putamen, thalamus and the left inferior temporal gyrus (Camilleri et al., 2016)."
eMDN,10,-28,-4,52,Extended multiple demand network,"Executive functions are fundamental to a variety of behaviours and recruit a core network of brain regions linked to a multiple demand system and additional more task-specific sub-networks. This eMDN consists of the bilateral inferior frontal gyrus, insula, supplementary motor area, intraparietal sulcus, middle frontal gyrus, dorsal pre-motor cortex, putamen, thalamus and the left inferior temporal gyrus (Camilleri et al., 2016)."
eMDN,11,-44,32,22,Extended multiple demand network,"Executive functions are fundamental to a variety of behaviours and recruit a core network of brain regions linked to a multiple demand system and additional more task-specific sub-networks. This eMDN consists of the bilateral inferior frontal gyrus, insula, supplementary motor area, intraparietal sulcus, middle frontal gyrus, dorsal pre-motor cortex, putamen, thalamus and the left inferior temporal gyrus (Camilleri et al., 2016)."
eMDN,12,32,0,52,Extended multiple demand network,"Executive functions are fundamental to a variety of behaviours and recruit a core network of brain regions linked to a multiple demand system and additional more task-specific sub-networks. This eMDN consists of the bilateral inferior frontal gyrus, insula, supplementary motor area, intraparietal sulcus, middle frontal gyrus, dorsal pre-motor cortex, putamen, thalamus and the left inferior temporal gyrus (Camilleri et al., 2016)."
eMDN,13,-20,6,4,Extended multiple demand network,"Executive functions are fundamental to a variety of behaviours and recruit a core network of brain regions linked to a multiple demand system and additional more task-specific sub-networks. This eMDN consists of the bilateral inferior frontal gyrus, insula, supplementary motor area, intraparietal sulcus, middle frontal gyrus, dorsal pre-motor cortex, putamen, thalamus and the left inferior temporal gyrus (Camilleri et al., 2016)."
eMDN,14,10,-12,8,Extended multiple demand network,"Executive functions are fundamental to a variety of behaviours and recruit a core network of brain regions linked to a multiple demand system and additional more task-specific sub-networks. This eMDN consists of the bilateral inferior frontal gyrus, insula, supplementary motor area, intraparietal sulcus, middle frontal gyrus, dorsal pre-motor cortex, putamen, thalamus and the left inferior temporal gyrus (Camilleri et al., 2016)."
eMDN,15,-46,-60,-10,Extended multiple demand network,"Executive functions are fundamental to a variety of behaviours and recruit a core network of brain regions linked to a multiple demand system and additional more task-specific sub-networks. This eMDN consists of the bilateral inferior frontal gyrus, insula, supplementary motor area, intraparietal sulcus, middle frontal gyrus, dorsal pre-motor cortex, putamen, thalamus and the left inferior temporal gyrus (Camilleri et al., 2016)."
eMDN,16,22,6,4,Extended multiple demand network,"Executive functions are fundamental to a variety of behaviours and recruit a core network of brain regions linked to a multiple demand system and additional more task-specific sub-networks. This eMDN consists of the bilateral inferior frontal gyrus, insula, supplementary motor area, intraparietal sulcus, middle frontal gyrus, dorsal pre-motor cortex, putamen, thalamus and the left inferior temporal gyrus (Camilleri et al., 2016)."
eMDN,17,-10,-16,6,Extended multiple demand network,"Executive functions are fundamental to a variety of behaviours and recruit a core network of brain regions linked to a multiple demand system and additional more task-specific sub-networks. This eMDN consists of the bilateral inferior frontal gyrus, insula, supplementary motor area, intraparietal sulcus, middle frontal gyrus, dorsal pre-motor cortex, putamen, thalamus and the left inferior temporal gyrus (Camilleri et al., 2016)."
EmoSF,1,4,47,7,Emotional scene and face processing,"FMRI studies on emotional processing often make use of visual, emotional face or scene stimuli (Sabatinelli et al., 2011). A meta-analysis on brain regions involved in the visual perception of emotional faces or scenes revealed consistent activation in the medial prefrontal cortex, bilateral inferior, middle and superior frontal gyrus, amygdala, parahippocampal gyrus, fusiform gyrus, medial prefrontal gyrus, orbitofrontal gyrus, lateral occipital cortex, thalamus, pulvinar, right middle temporal gyrus and right anterior cingulate cortex (Sabatinelli et al., 2011)."
EmoSF,2,42,25,3,Emotional scene and face processing,"FMRI studies on emotional processing often make use of visual, emotional face or scene stimuli (Sabatinelli et al., 2011). A meta-analysis on brain regions involved in the visual perception of emotional faces or scenes revealed consistent activation in the medial prefrontal cortex, bilateral inferior, middle and superior frontal gyrus, amygdala, parahippocampal gyrus, fusiform gyrus, medial prefrontal gyrus, orbitofrontal gyrus, lateral occipital cortex, thalamus, pulvinar, right middle temporal gyrus and right anterior cingulate cortex (Sabatinelli et al., 2011)."
EmoSF,3,-42,25,3,Emotional scene and face processing,"FMRI studies on emotional processing often make use of visual, emotional face or scene stimuli (Sabatinelli et al., 2011). A meta-analysis on brain regions involved in the visual perception of emotional faces or scenes revealed consistent activation in the medial prefrontal cortex, bilateral inferior, middle and superior frontal gyrus, amygdala, parahippocampal gyrus, fusiform gyrus, medial prefrontal gyrus, orbitofrontal gyrus, lateral occipital cortex, thalamus, pulvinar, right middle temporal gyrus and right anterior cingulate cortex (Sabatinelli et al., 2011)."
EmoSF,4,48,17,29,Emotional scene and face processing,"FMRI studies on emotional processing often make use of visual, emotional face or scene stimuli (Sabatinelli et al., 2011). A meta-analysis on brain regions involved in the visual perception of emotional faces or scenes revealed consistent activation in the medial prefrontal cortex, bilateral inferior, middle and superior frontal gyrus, amygdala, parahippocampal gyrus, fusiform gyrus, medial prefrontal gyrus, orbitofrontal gyrus, lateral occipital cortex, thalamus, pulvinar, right middle temporal gyrus and right anterior cingulate cortex (Sabatinelli et al., 2011)."
EmoSF,5,-42,13,27,Emotional scene and face processing,"FMRI studies on emotional processing often make use of visual, emotional face or scene stimuli (Sabatinelli et al., 2011). A meta-analysis on brain regions involved in the visual perception of emotional faces or scenes revealed consistent activation in the medial prefrontal cortex, bilateral inferior, middle and superior frontal gyrus, amygdala, parahippocampal gyrus, fusiform gyrus, medial prefrontal gyrus, orbitofrontal gyrus, lateral occipital cortex, thalamus, pulvinar, right middle temporal gyrus and right anterior cingulate cortex (Sabatinelli et al., 2011)."
EmoSF,6,-2,8,59,Emotional scene and face processing,"FMRI studies on emotional processing often make use of visual, emotional face or scene stimuli (Sabatinelli et al., 2011). A meta-analysis on brain regions involved in the visual perception of emotional faces or scenes revealed consistent activation in the medial prefrontal cortex, bilateral inferior, middle and superior frontal gyrus, amygdala, parahippocampal gyrus, fusiform gyrus, medial prefrontal gyrus, orbitofrontal gyrus, lateral occipital cortex, thalamus, pulvinar, right middle temporal gyrus and right anterior cingulate cortex (Sabatinelli et al., 2011)."
EmoSF,7,20,-4,-15,Emotional scene and face processing,"FMRI studies on emotional processing often make use of visual, emotional face or scene stimuli (Sabatinelli et al., 2011). A meta-analysis on brain regions involved in the visual perception of emotional faces or scenes revealed consistent activation in the medial prefrontal cortex, bilateral inferior, middle and superior frontal gyrus, amygdala, parahippocampal gyrus, fusiform gyrus, medial prefrontal gyrus, orbitofrontal gyrus, lateral occipital cortex, thalamus, pulvinar, right middle temporal gyrus and right anterior cingulate cortex (Sabatinelli et al., 2011)."
EmoSF,8,-20,-6,-15,Emotional scene and face processing,"FMRI studies on emotional processing often make use of visual, emotional face or scene stimuli (Sabatinelli et al., 2011). A meta-analysis on brain regions involved in the visual perception of emotional faces or scenes revealed consistent activation in the medial prefrontal cortex, bilateral inferior, middle and superior frontal gyrus, amygdala, parahippocampal gyrus, fusiform gyrus, medial prefrontal gyrus, orbitofrontal gyrus, lateral occipital cortex, thalamus, pulvinar, right middle temporal gyrus and right anterior cingulate cortex (Sabatinelli et al., 2011)."
EmoSF,9,-20,-33,-4,Emotional scene and face processing,"FMRI studies on emotional processing often make use of visual, emotional face or scene stimuli (Sabatinelli et al., 2011). A meta-analysis on brain regions involved in the visual perception of emotional faces or scenes revealed consistent activation in the medial prefrontal cortex, bilateral inferior, middle and superior frontal gyrus, amygdala, parahippocampal gyrus, fusiform gyrus, medial prefrontal gyrus, orbitofrontal gyrus, lateral occipital cortex, thalamus, pulvinar, right middle temporal gyrus and right anterior cingulate cortex (Sabatinelli et al., 2011)."
EmoSF,10,14,-33,-7,Emotional scene and face processing,"FMRI studies on emotional processing often make use of visual, emotional face or scene stimuli (Sabatinelli et al., 2011). A meta-analysis on brain regions involved in the visual perception of emotional faces or scenes revealed consistent activation in the medial prefrontal cortex, bilateral inferior, middle and superior frontal gyrus, amygdala, parahippocampal gyrus, fusiform gyrus, medial prefrontal gyrus, orbitofrontal gyrus, lateral occipital cortex, thalamus, pulvinar, right middle temporal gyrus and right anterior cingulate cortex (Sabatinelli et al., 2011)."
EmoSF,11,53,-50,4,Emotional scene and face processing,"FMRI studies on emotional processing often make use of visual, emotional face or scene stimuli (Sabatinelli et al., 2011). A meta-analysis on brain regions involved in the visual perception of emotional faces or scenes revealed consistent activation in the medial prefrontal cortex, bilateral inferior, middle and superior frontal gyrus, amygdala, parahippocampal gyrus, fusiform gyrus, medial prefrontal gyrus, orbitofrontal gyrus, lateral occipital cortex, thalamus, pulvinar, right middle temporal gyrus and right anterior cingulate cortex (Sabatinelli et al., 2011)."
EmoSF,12,38,-55,-20,Emotional scene and face processing,"FMRI studies on emotional processing often make use of visual, emotional face or scene stimuli (Sabatinelli et al., 2011). A meta-analysis on brain regions involved in the visual perception of emotional faces or scenes revealed consistent activation in the medial prefrontal cortex, bilateral inferior, middle and superior frontal gyrus, amygdala, parahippocampal gyrus, fusiform gyrus, medial prefrontal gyrus, orbitofrontal gyrus, lateral occipital cortex, thalamus, pulvinar, right middle temporal gyrus and right anterior cingulate cortex (Sabatinelli et al., 2011)."
EmoSF,13,-40,-55,-22,Emotional scene and face processing,"FMRI studies on emotional processing often make use of visual, emotional face or scene stimuli (Sabatinelli et al., 2011). A meta-analysis on brain regions involved in the visual perception of emotional faces or scenes revealed consistent activation in the medial prefrontal cortex, bilateral inferior, middle and superior frontal gyrus, amygdala, parahippocampal gyrus, fusiform gyrus, medial prefrontal gyrus, orbitofrontal gyrus, lateral occipital cortex, thalamus, pulvinar, right middle temporal gyrus and right anterior cingulate cortex (Sabatinelli et al., 2011)."
EmoSF,14,38,-76,-16,Emotional scene and face processing,"FMRI studies on emotional processing often make use of visual, emotional face or scene stimuli (Sabatinelli et al., 2011). A meta-analysis on brain regions involved in the visual perception of emotional faces or scenes revealed consistent activation in the medial prefrontal cortex, bilateral inferior, middle and superior frontal gyrus, amygdala, parahippocampal gyrus, fusiform gyrus, medial prefrontal gyrus, orbitofrontal gyrus, lateral occipital cortex, thalamus, pulvinar, right middle temporal gyrus and right anterior cingulate cortex (Sabatinelli et al., 2011)."
EmoSF,15,-40,-78,-21,Emotional scene and face processing,"FMRI studies on emotional processing often make use of visual, emotional face or scene stimuli (Sabatinelli et al., 2011). A meta-analysis on brain regions involved in the visual perception of emotional faces or scenes revealed consistent activation in the medial prefrontal cortex, bilateral inferior, middle and superior frontal gyrus, amygdala, parahippocampal gyrus, fusiform gyrus, medial prefrontal gyrus, orbitofrontal gyrus, lateral occipital cortex, thalamus, pulvinar, right middle temporal gyrus and right anterior cingulate cortex (Sabatinelli et al., 2011)."
EmoSF,16,-4,52,31,Emotional scene and face processing,"FMRI studies on emotional processing often make use of visual, emotional face or scene stimuli (Sabatinelli et al., 2011). A meta-analysis on brain regions involved in the visual perception of emotional faces or scenes revealed consistent activation in the medial prefrontal cortex, bilateral inferior, middle and superior frontal gyrus, amygdala, parahippocampal gyrus, fusiform gyrus, medial prefrontal gyrus, orbitofrontal gyrus, lateral occipital cortex, thalamus, pulvinar, right middle temporal gyrus and right anterior cingulate cortex (Sabatinelli et al., 2011)."
EmoSF,17,36,25,-3,Emotional scene and face processing,"FMRI studies on emotional processing often make use of visual, emotional face or scene stimuli (Sabatinelli et al., 2011). A meta-analysis on brain regions involved in the visual perception of emotional faces or scenes revealed consistent activation in the medial prefrontal cortex, bilateral inferior, middle and superior frontal gyrus, amygdala, parahippocampal gyrus, fusiform gyrus, medial prefrontal gyrus, orbitofrontal gyrus, lateral occipital cortex, thalamus, pulvinar, right middle temporal gyrus and right anterior cingulate cortex (Sabatinelli et al., 2011)."
EmoSF,18,-38,25,-8,Emotional scene and face processing,"FMRI studies on emotional processing often make use of visual, emotional face or scene stimuli (Sabatinelli et al., 2011). A meta-analysis on brain regions involved in the visual perception of emotional faces or scenes revealed consistent activation in the medial prefrontal cortex, bilateral inferior, middle and superior frontal gyrus, amygdala, parahippocampal gyrus, fusiform gyrus, medial prefrontal gyrus, orbitofrontal gyrus, lateral occipital cortex, thalamus, pulvinar, right middle temporal gyrus and right anterior cingulate cortex (Sabatinelli et al., 2011)."
EmoSF,19,2,19,25,Emotional scene and face processing,"FMRI studies on emotional processing often make use of visual, emotional face or scene stimuli (Sabatinelli et al., 2011). A meta-analysis on brain regions involved in the visual perception of emotional faces or scenes revealed consistent activation in the medial prefrontal cortex, bilateral inferior, middle and superior frontal gyrus, amygdala, parahippocampal gyrus, fusiform gyrus, medial prefrontal gyrus, orbitofrontal gyrus, lateral occipital cortex, thalamus, pulvinar, right middle temporal gyrus and right anterior cingulate cortex (Sabatinelli et al., 2011)."
EmoSF,20,0,-15,10,Emotional scene and face processing,"FMRI studies on emotional processing often make use of visual, emotional face or scene stimuli (Sabatinelli et al., 2011). A meta-analysis on brain regions involved in the visual perception of emotional faces or scenes revealed consistent activation in the medial prefrontal cortex, bilateral inferior, middle and superior frontal gyrus, amygdala, parahippocampal gyrus, fusiform gyrus, medial prefrontal gyrus, orbitofrontal gyrus, lateral occipital cortex, thalamus, pulvinar, right middle temporal gyrus and right anterior cingulate cortex (Sabatinelli et al., 2011)."
EmoSF,21,-2,-31,-7,Emotional scene and face processing,"FMRI studies on emotional processing often make use of visual, emotional face or scene stimuli (Sabatinelli et al., 2011). A meta-analysis on brain regions involved in the visual perception of emotional faces or scenes revealed consistent activation in the medial prefrontal cortex, bilateral inferior, middle and superior frontal gyrus, amygdala, parahippocampal gyrus, fusiform gyrus, medial prefrontal gyrus, orbitofrontal gyrus, lateral occipital cortex, thalamus, pulvinar, right middle temporal gyrus and right anterior cingulate cortex (Sabatinelli et al., 2011)."
EmoSF,22,-28,-70,-14,Emotional scene and face processing,"FMRI studies on emotional processing often make use of visual, emotional face or scene stimuli (Sabatinelli et al., 2011). A meta-analysis on brain regions involved in the visual perception of emotional faces or scenes revealed consistent activation in the medial prefrontal cortex, bilateral inferior, middle and superior frontal gyrus, amygdala, parahippocampal gyrus, fusiform gyrus, medial prefrontal gyrus, orbitofrontal gyrus, lateral occipital cortex, thalamus, pulvinar, right middle temporal gyrus and right anterior cingulate cortex (Sabatinelli et al., 2011)."
EmoSF,23,46,-68,-4,Emotional scene and face processing,"FMRI studies on emotional processing often make use of visual, emotional face or scene stimuli (Sabatinelli et al., 2011). A meta-analysis on brain regions involved in the visual perception of emotional faces or scenes revealed consistent activation in the medial prefrontal cortex, bilateral inferior, middle and superior frontal gyrus, amygdala, parahippocampal gyrus, fusiform gyrus, medial prefrontal gyrus, orbitofrontal gyrus, lateral occipital cortex, thalamus, pulvinar, right middle temporal gyrus and right anterior cingulate cortex (Sabatinelli et al., 2011)."
EmoSF,24,-48,-72,-4,Emotional scene and face processing,"FMRI studies on emotional processing often make use of visual, emotional face or scene stimuli (Sabatinelli et al., 2011). A meta-analysis on brain regions involved in the visual perception of emotional faces or scenes revealed consistent activation in the medial prefrontal cortex, bilateral inferior, middle and superior frontal gyrus, amygdala, parahippocampal gyrus, fusiform gyrus, medial prefrontal gyrus, orbitofrontal gyrus, lateral occipital cortex, thalamus, pulvinar, right middle temporal gyrus and right anterior cingulate cortex (Sabatinelli et al., 2011)."
Empathy,1,2,56,18,Empathy,"Empathy is the adoption of another’s emotional state (Singer & Lamm, 2009). Investigating its involvement in moral decision-making, a meta-analysis revealed an empathy network consisting of the bilateral dorsomedial prefrontal cortex, anterior insula, inferior frontal gyrus, supplementary motor area, cingulate cortex, temporo-parietal junction, right amygdala, right middle temporal gyrus, right posterior superior temporal sulcus, left anterior thalamus, right posterior thalamus, right hippocampus, midbrain and right pallidum (Bzdok et al., 2012)."
Empathy,2,-8,54,34,Empathy,"Empathy is the adoption of another’s emotional state (Singer & Lamm, 2009). Investigating its involvement in moral decision-making, a meta-analysis revealed an empathy network consisting of the bilateral dorsomedial prefrontal cortex, anterior insula, inferior frontal gyrus, supplementary motor area, cingulate cortex, temporo-parietal junction, right amygdala, right middle temporal gyrus, right posterior superior temporal sulcus, left anterior thalamus, right posterior thalamus, right hippocampus, midbrain and right pallidum (Bzdok et al., 2012)."
Empathy,3,36,22,-8,Empathy,"Empathy is the adoption of another’s emotional state (Singer & Lamm, 2009). Investigating its involvement in moral decision-making, a meta-analysis revealed an empathy network consisting of the bilateral dorsomedial prefrontal cortex, anterior insula, inferior frontal gyrus, supplementary motor area, cingulate cortex, temporo-parietal junction, right amygdala, right middle temporal gyrus, right posterior superior temporal sulcus, left anterior thalamus, right posterior thalamus, right hippocampus, midbrain and right pallidum (Bzdok et al., 2012)."
Empathy,4,-30,20,4,Empathy,"Empathy is the adoption of another’s emotional state (Singer & Lamm, 2009). Investigating its involvement in moral decision-making, a meta-analysis revealed an empathy network consisting of the bilateral dorsomedial prefrontal cortex, anterior insula, inferior frontal gyrus, supplementary motor area, cingulate cortex, temporo-parietal junction, right amygdala, right middle temporal gyrus, right posterior superior temporal sulcus, left anterior thalamus, right posterior thalamus, right hippocampus, midbrain and right pallidum (Bzdok et al., 2012)."
Empathy,5,50,12,-8,Empathy,"Empathy is the adoption of another’s emotional state (Singer & Lamm, 2009). Investigating its involvement in moral decision-making, a meta-analysis revealed an empathy network consisting of the bilateral dorsomedial prefrontal cortex, anterior insula, inferior frontal gyrus, supplementary motor area, cingulate cortex, temporo-parietal junction, right amygdala, right middle temporal gyrus, right posterior superior temporal sulcus, left anterior thalamus, right posterior thalamus, right hippocampus, midbrain and right pallidum (Bzdok et al., 2012)."
Empathy,6,54,16,20,Empathy,"Empathy is the adoption of another’s emotional state (Singer & Lamm, 2009). Investigating its involvement in moral decision-making, a meta-analysis revealed an empathy network consisting of the bilateral dorsomedial prefrontal cortex, anterior insula, inferior frontal gyrus, supplementary motor area, cingulate cortex, temporo-parietal junction, right amygdala, right middle temporal gyrus, right posterior superior temporal sulcus, left anterior thalamus, right posterior thalamus, right hippocampus, midbrain and right pallidum (Bzdok et al., 2012)."
Empathy,7,50,30,4,Empathy,"Empathy is the adoption of another’s emotional state (Singer & Lamm, 2009). Investigating its involvement in moral decision-making, a meta-analysis revealed an empathy network consisting of the bilateral dorsomedial prefrontal cortex, anterior insula, inferior frontal gyrus, supplementary motor area, cingulate cortex, temporo-parietal junction, right amygdala, right middle temporal gyrus, right posterior superior temporal sulcus, left anterior thalamus, right posterior thalamus, right hippocampus, midbrain and right pallidum (Bzdok et al., 2012)."
Empathy,8,-44,24,-6,Empathy,"Empathy is the adoption of another’s emotional state (Singer & Lamm, 2009). Investigating its involvement in moral decision-making, a meta-analysis revealed an empathy network consisting of the bilateral dorsomedial prefrontal cortex, anterior insula, inferior frontal gyrus, supplementary motor area, cingulate cortex, temporo-parietal junction, right amygdala, right middle temporal gyrus, right posterior superior temporal sulcus, left anterior thalamus, right posterior thalamus, right hippocampus, midbrain and right pallidum (Bzdok et al., 2012)."
Empathy,9,-4,18,50,Empathy,"Empathy is the adoption of another’s emotional state (Singer & Lamm, 2009). Investigating its involvement in moral decision-making, a meta-analysis revealed an empathy network consisting of the bilateral dorsomedial prefrontal cortex, anterior insula, inferior frontal gyrus, supplementary motor area, cingulate cortex, temporo-parietal junction, right amygdala, right middle temporal gyrus, right posterior superior temporal sulcus, left anterior thalamus, right posterior thalamus, right hippocampus, midbrain and right pallidum (Bzdok et al., 2012)."
Empathy,10,-2,28,20,Empathy,"Empathy is the adoption of another’s emotional state (Singer & Lamm, 2009). Investigating its involvement in moral decision-making, a meta-analysis revealed an empathy network consisting of the bilateral dorsomedial prefrontal cortex, anterior insula, inferior frontal gyrus, supplementary motor area, cingulate cortex, temporo-parietal junction, right amygdala, right middle temporal gyrus, right posterior superior temporal sulcus, left anterior thalamus, right posterior thalamus, right hippocampus, midbrain and right pallidum (Bzdok et al., 2012)."
Empathy,11,-4,42,18,Empathy,"Empathy is the adoption of another’s emotional state (Singer & Lamm, 2009). Investigating its involvement in moral decision-making, a meta-analysis revealed an empathy network consisting of the bilateral dorsomedial prefrontal cortex, anterior insula, inferior frontal gyrus, supplementary motor area, cingulate cortex, temporo-parietal junction, right amygdala, right middle temporal gyrus, right posterior superior temporal sulcus, left anterior thalamus, right posterior thalamus, right hippocampus, midbrain and right pallidum (Bzdok et al., 2012)."
Empathy,12,-2,-32,28,Empathy,"Empathy is the adoption of another’s emotional state (Singer & Lamm, 2009). Investigating its involvement in moral decision-making, a meta-analysis revealed an empathy network consisting of the bilateral dorsomedial prefrontal cortex, anterior insula, inferior frontal gyrus, supplementary motor area, cingulate cortex, temporo-parietal junction, right amygdala, right middle temporal gyrus, right posterior superior temporal sulcus, left anterior thalamus, right posterior thalamus, right hippocampus, midbrain and right pallidum (Bzdok et al., 2012)."
Empathy,13,52,-58,22,Empathy,"Empathy is the adoption of another’s emotional state (Singer & Lamm, 2009). Investigating its involvement in moral decision-making, a meta-analysis revealed an empathy network consisting of the bilateral dorsomedial prefrontal cortex, anterior insula, inferior frontal gyrus, supplementary motor area, cingulate cortex, temporo-parietal junction, right amygdala, right middle temporal gyrus, right posterior superior temporal sulcus, left anterior thalamus, right posterior thalamus, right hippocampus, midbrain and right pallidum (Bzdok et al., 2012)."
Empathy,14,-56,-58,22,Empathy,"Empathy is the adoption of another’s emotional state (Singer & Lamm, 2009). Investigating its involvement in moral decision-making, a meta-analysis revealed an empathy network consisting of the bilateral dorsomedial prefrontal cortex, anterior insula, inferior frontal gyrus, supplementary motor area, cingulate cortex, temporo-parietal junction, right amygdala, right middle temporal gyrus, right posterior superior temporal sulcus, left anterior thalamus, right posterior thalamus, right hippocampus, midbrain and right pallidum (Bzdok et al., 2012)."
Empathy,15,22,-2,-16,Empathy,"Empathy is the adoption of another’s emotional state (Singer & Lamm, 2009). Investigating its involvement in moral decision-making, a meta-analysis revealed an empathy network consisting of the bilateral dorsomedial prefrontal cortex, anterior insula, inferior frontal gyrus, supplementary motor area, cingulate cortex, temporo-parietal junction, right amygdala, right middle temporal gyrus, right posterior superior temporal sulcus, left anterior thalamus, right posterior thalamus, right hippocampus, midbrain and right pallidum (Bzdok et al., 2012)."
Empathy,16,54,-8,-16,Empathy,"Empathy is the adoption of another’s emotional state (Singer & Lamm, 2009). Investigating its involvement in moral decision-making, a meta-analysis revealed an empathy network consisting of the bilateral dorsomedial prefrontal cortex, anterior insula, inferior frontal gyrus, supplementary motor area, cingulate cortex, temporo-parietal junction, right amygdala, right middle temporal gyrus, right posterior superior temporal sulcus, left anterior thalamus, right posterior thalamus, right hippocampus, midbrain and right pallidum (Bzdok et al., 2012)."
Empathy,17,52,-36,2,Empathy,"Empathy is the adoption of another’s emotional state (Singer & Lamm, 2009). Investigating its involvement in moral decision-making, a meta-analysis revealed an empathy network consisting of the bilateral dorsomedial prefrontal cortex, anterior insula, inferior frontal gyrus, supplementary motor area, cingulate cortex, temporo-parietal junction, right amygdala, right middle temporal gyrus, right posterior superior temporal sulcus, left anterior thalamus, right posterior thalamus, right hippocampus, midbrain and right pallidum (Bzdok et al., 2012)."
Empathy,18,-12,-4,12,Empathy,"Empathy is the adoption of another’s emotional state (Singer & Lamm, 2009). Investigating its involvement in moral decision-making, a meta-analysis revealed an empathy network consisting of the bilateral dorsomedial prefrontal cortex, anterior insula, inferior frontal gyrus, supplementary motor area, cingulate cortex, temporo-parietal junction, right amygdala, right middle temporal gyrus, right posterior superior temporal sulcus, left anterior thalamus, right posterior thalamus, right hippocampus, midbrain and right pallidum (Bzdok et al., 2012)."
Empathy,19,6,-32,2,Empathy,"Empathy is the adoption of another’s emotional state (Singer & Lamm, 2009). Investigating its involvement in moral decision-making, a meta-analysis revealed an empathy network consisting of the bilateral dorsomedial prefrontal cortex, anterior insula, inferior frontal gyrus, supplementary motor area, cingulate cortex, temporo-parietal junction, right amygdala, right middle temporal gyrus, right posterior superior temporal sulcus, left anterior thalamus, right posterior thalamus, right hippocampus, midbrain and right pallidum (Bzdok et al., 2012)."
Empathy,20,26,-26,-12,Empathy,"Empathy is the adoption of another’s emotional state (Singer & Lamm, 2009). Investigating its involvement in moral decision-making, a meta-analysis revealed an empathy network consisting of the bilateral dorsomedial prefrontal cortex, anterior insula, inferior frontal gyrus, supplementary motor area, cingulate cortex, temporo-parietal junction, right amygdala, right middle temporal gyrus, right posterior superior temporal sulcus, left anterior thalamus, right posterior thalamus, right hippocampus, midbrain and right pallidum (Bzdok et al., 2012)."
Empathy,21,2,-20,-12,Empathy,"Empathy is the adoption of another’s emotional state (Singer & Lamm, 2009). Investigating its involvement in moral decision-making, a meta-analysis revealed an empathy network consisting of the bilateral dorsomedial prefrontal cortex, anterior insula, inferior frontal gyrus, supplementary motor area, cingulate cortex, temporo-parietal junction, right amygdala, right middle temporal gyrus, right posterior superior temporal sulcus, left anterior thalamus, right posterior thalamus, right hippocampus, midbrain and right pallidum (Bzdok et al., 2012)."
Empathy,22,14,4,0,Empathy,"Empathy is the adoption of another’s emotional state (Singer & Lamm, 2009). Investigating its involvement in moral decision-making, a meta-analysis revealed an empathy network consisting of the bilateral dorsomedial prefrontal cortex, anterior insula, inferior frontal gyrus, supplementary motor area, cingulate cortex, temporo-parietal junction, right amygdala, right middle temporal gyrus, right posterior superior temporal sulcus, left anterior thalamus, right posterior thalamus, right hippocampus, midbrain and right pallidum (Bzdok et al., 2012)."
ER,1,48,24,9,Emotion regulation,"Cognitive reappraisal, which refers to changing one’s interpretation of affective stimuli, is an important strategy of emotion regulation (Buhle et al., 2014). A meta-analysis identified the following brain regions as consistently involved in the support or moderation of cognitive reappraisal: the bilateral inferior frontal gyrus, middle frontal gyrus, superior parietal lobe, amygdala, right medial frontal gyrus, left anterior cingulate gyrus, left anterior insula, left superior temporal gyrus and left middle temporal gyrus (Buhle et al., 2014)."
ER,2,42,21,45,Emotion regulation,"Cognitive reappraisal, which refers to changing one’s interpretation of affective stimuli, is an important strategy of emotion regulation (Buhle et al., 2014). A meta-analysis identified the following brain regions as consistently involved in the support or moderation of cognitive reappraisal: the bilateral inferior frontal gyrus, middle frontal gyrus, superior parietal lobe, amygdala, right medial frontal gyrus, left anterior cingulate gyrus, left anterior insula, left superior temporal gyrus and left middle temporal gyrus (Buhle et al., 2014)."
ER,3,9,30,39,Emotion regulation,"Cognitive reappraisal, which refers to changing one’s interpretation of affective stimuli, is an important strategy of emotion regulation (Buhle et al., 2014). A meta-analysis identified the following brain regions as consistently involved in the support or moderation of cognitive reappraisal: the bilateral inferior frontal gyrus, middle frontal gyrus, superior parietal lobe, amygdala, right medial frontal gyrus, left anterior cingulate gyrus, left anterior insula, left superior temporal gyrus and left middle temporal gyrus (Buhle et al., 2014)."
ER,4,0,-9,63,Emotion regulation,"Cognitive reappraisal, which refers to changing one’s interpretation of affective stimuli, is an important strategy of emotion regulation (Buhle et al., 2014). A meta-analysis identified the following brain regions as consistently involved in the support or moderation of cognitive reappraisal: the bilateral inferior frontal gyrus, middle frontal gyrus, superior parietal lobe, amygdala, right medial frontal gyrus, left anterior cingulate gyrus, left anterior insula, left superior temporal gyrus and left middle temporal gyrus (Buhle et al., 2014)."
ER,5,-3,24,30,Emotion regulation,"Cognitive reappraisal, which refers to changing one’s interpretation of affective stimuli, is an important strategy of emotion regulation (Buhle et al., 2014). A meta-analysis identified the following brain regions as consistently involved in the support or moderation of cognitive reappraisal: the bilateral inferior frontal gyrus, middle frontal gyrus, superior parietal lobe, amygdala, right medial frontal gyrus, left anterior cingulate gyrus, left anterior insula, left superior temporal gyrus and left middle temporal gyrus (Buhle et al., 2014)."
ER,6,-33,3,54,Emotion regulation,"Cognitive reappraisal, which refers to changing one’s interpretation of affective stimuli, is an important strategy of emotion regulation (Buhle et al., 2014). A meta-analysis identified the following brain regions as consistently involved in the support or moderation of cognitive reappraisal: the bilateral inferior frontal gyrus, middle frontal gyrus, superior parietal lobe, amygdala, right medial frontal gyrus, left anterior cingulate gyrus, left anterior insula, left superior temporal gyrus and left middle temporal gyrus (Buhle et al., 2014)."
ER,7,-36,21,-3,Emotion regulation,"Cognitive reappraisal, which refers to changing one’s interpretation of affective stimuli, is an important strategy of emotion regulation (Buhle et al., 2014). A meta-analysis identified the following brain regions as consistently involved in the support or moderation of cognitive reappraisal: the bilateral inferior frontal gyrus, middle frontal gyrus, superior parietal lobe, amygdala, right medial frontal gyrus, left anterior cingulate gyrus, left anterior insula, left superior temporal gyrus and left middle temporal gyrus (Buhle et al., 2014)."
ER,8,-42,45,-6,Emotion regulation,"Cognitive reappraisal, which refers to changing one’s interpretation of affective stimuli, is an important strategy of emotion regulation (Buhle et al., 2014). A meta-analysis identified the following brain regions as consistently involved in the support or moderation of cognitive reappraisal: the bilateral inferior frontal gyrus, middle frontal gyrus, superior parietal lobe, amygdala, right medial frontal gyrus, left anterior cingulate gyrus, left anterior insula, left superior temporal gyrus and left middle temporal gyrus (Buhle et al., 2014)."
ER,9,63,-51,39,Emotion regulation,"Cognitive reappraisal, which refers to changing one’s interpretation of affective stimuli, is an important strategy of emotion regulation (Buhle et al., 2014). A meta-analysis identified the following brain regions as consistently involved in the support or moderation of cognitive reappraisal: the bilateral inferior frontal gyrus, middle frontal gyrus, superior parietal lobe, amygdala, right medial frontal gyrus, left anterior cingulate gyrus, left anterior insula, left superior temporal gyrus and left middle temporal gyrus (Buhle et al., 2014)."
ER,10,-42,-66,42,Emotion regulation,"Cognitive reappraisal, which refers to changing one’s interpretation of affective stimuli, is an important strategy of emotion regulation (Buhle et al., 2014). A meta-analysis identified the following brain regions as consistently involved in the support or moderation of cognitive reappraisal: the bilateral inferior frontal gyrus, middle frontal gyrus, superior parietal lobe, amygdala, right medial frontal gyrus, left anterior cingulate gyrus, left anterior insula, left superior temporal gyrus and left middle temporal gyrus (Buhle et al., 2014)."
ER,11,-63,-51,-21,Emotion regulation,"Cognitive reappraisal, which refers to changing one’s interpretation of affective stimuli, is an important strategy of emotion regulation (Buhle et al., 2014). A meta-analysis identified the following brain regions as consistently involved in the support or moderation of cognitive reappraisal: the bilateral inferior frontal gyrus, middle frontal gyrus, superior parietal lobe, amygdala, right medial frontal gyrus, left anterior cingulate gyrus, left anterior insula, left superior temporal gyrus and left middle temporal gyrus (Buhle et al., 2014)."
ER,12,-51,-39,3,Emotion regulation,"Cognitive reappraisal, which refers to changing one’s interpretation of affective stimuli, is an important strategy of emotion regulation (Buhle et al., 2014). A meta-analysis identified the following brain regions as consistently involved in the support or moderation of cognitive reappraisal: the bilateral inferior frontal gyrus, middle frontal gyrus, superior parietal lobe, amygdala, right medial frontal gyrus, left anterior cingulate gyrus, left anterior insula, left superior temporal gyrus and left middle temporal gyrus (Buhle et al., 2014)."
ER,13,30,-3,-15,Emotion regulation,"Cognitive reappraisal, which refers to changing one’s interpretation of affective stimuli, is an important strategy of emotion regulation (Buhle et al., 2014). A meta-analysis identified the following brain regions as consistently involved in the support or moderation of cognitive reappraisal: the bilateral inferior frontal gyrus, middle frontal gyrus, superior parietal lobe, amygdala, right medial frontal gyrus, left anterior cingulate gyrus, left anterior insula, left superior temporal gyrus and left middle temporal gyrus (Buhle et al., 2014)."
ER,14,-18,-3,-15,Emotion regulation,"Cognitive reappraisal, which refers to changing one’s interpretation of affective stimuli, is an important strategy of emotion regulation (Buhle et al., 2014). A meta-analysis identified the following brain regions as consistently involved in the support or moderation of cognitive reappraisal: the bilateral inferior frontal gyrus, middle frontal gyrus, superior parietal lobe, amygdala, right medial frontal gyrus, left anterior cingulate gyrus, left anterior insula, left superior temporal gyrus and left middle temporal gyrus (Buhle et al., 2014)."
eSAD,1,0,38,10,Extended socio-affective default network,"The default mode network (Gusnard and Raichle, 2001 -> check REF) is closely linked to socio-affective processing (Schilbach et al., 2012 -> check REF). Therefore, Amft et al. (2015) performed a conjunction analysis on regions involved both in the DMN and social or affective tasks, resulting in the eSAD. This network consists of the anterior cingulate cortex, bilateral amygdala and hippocampus, temporo-parietal junction, ventral basal ganglia, precuneus, subgenual cingulate cortex, ventromedial and dorsomedial prefrontal cortex and left middle temporal gyrus and sulcus (Amft et al., 2015)."
eSAD,2,-24,-10,-20,Extended socio-affective default network,"The default mode network (Gusnard and Raichle, 2001 -> check REF) is closely linked to socio-affective processing (Schilbach et al., 2012 -> check REF). Therefore, Amft et al. (2015) performed a conjunction analysis on regions involved both in the DMN and social or affective tasks, resulting in the eSAD. This network consists of the anterior cingulate cortex, bilateral amygdala and hippocampus, temporo-parietal junction, ventral basal ganglia, precuneus, subgenual cingulate cortex, ventromedial and dorsomedial prefrontal cortex and left middle temporal gyrus and sulcus (Amft et al., 2015)."
eSAD,3,24,-8,-22,Extended socio-affective default network,"The default mode network (Gusnard and Raichle, 2001 -> check REF) is closely linked to socio-affective processing (Schilbach et al., 2012 -> check REF). Therefore, Amft et al. (2015) performed a conjunction analysis on regions involved both in the DMN and social or affective tasks, resulting in the eSAD. This network consists of the anterior cingulate cortex, bilateral amygdala and hippocampus, temporo-parietal junction, ventral basal ganglia, precuneus, subgenual cingulate cortex, ventromedial and dorsomedial prefrontal cortex and left middle temporal gyrus and sulcus (Amft et al., 2015)."
eSAD,4,-2,-52,26,Extended socio-affective default network,"The default mode network (Gusnard and Raichle, 2001 -> check REF) is closely linked to socio-affective processing (Schilbach et al., 2012 -> check REF). Therefore, Amft et al. (2015) performed a conjunction analysis on regions involved both in the DMN and social or affective tasks, resulting in the eSAD. This network consists of the anterior cingulate cortex, bilateral amygdala and hippocampus, temporo-parietal junction, ventral basal ganglia, precuneus, subgenual cingulate cortex, ventromedial and dorsomedial prefrontal cortex and left middle temporal gyrus and sulcus (Amft et al., 2015)."
eSAD,5,-2,32,-8,Extended socio-affective default network,"The default mode network (Gusnard and Raichle, 2001 -> check REF) is closely linked to socio-affective processing (Schilbach et al., 2012 -> check REF). Therefore, Amft et al. (2015) performed a conjunction analysis on regions involved both in the DMN and social or affective tasks, resulting in the eSAD. This network consists of the anterior cingulate cortex, bilateral amygdala and hippocampus, temporo-parietal junction, ventral basal ganglia, precuneus, subgenual cingulate cortex, ventromedial and dorsomedial prefrontal cortex and left middle temporal gyrus and sulcus (Amft et al., 2015)."
eSAD,6,-46,-66,18,Extended socio-affective default network,"The default mode network (Gusnard and Raichle, 2001 -> check REF) is closely linked to socio-affective processing (Schilbach et al., 2012 -> check REF). Therefore, Amft et al. (2015) performed a conjunction analysis on regions involved both in the DMN and social or affective tasks, resulting in the eSAD. This network consists of the anterior cingulate cortex, bilateral amygdala and hippocampus, temporo-parietal junction, ventral basal ganglia, precuneus, subgenual cingulate cortex, ventromedial and dorsomedial prefrontal cortex and left middle temporal gyrus and sulcus (Amft et al., 2015)."
eSAD,7,50,-60,18,Extended socio-affective default network,"The default mode network (Gusnard and Raichle, 2001 -> check REF) is closely linked to socio-affective processing (Schilbach et al., 2012 -> check REF). Therefore, Amft et al. (2015) performed a conjunction analysis on regions involved both in the DMN and social or affective tasks, resulting in the eSAD. This network consists of the anterior cingulate cortex, bilateral amygdala and hippocampus, temporo-parietal junction, ventral basal ganglia, precuneus, subgenual cingulate cortex, ventromedial and dorsomedial prefrontal cortex and left middle temporal gyrus and sulcus (Amft et al., 2015)."
eSAD,8,-2,52,14,Extended socio-affective default network,"The default mode network (Gusnard and Raichle, 2001 -> check REF) is closely linked to socio-affective processing (Schilbach et al., 2012 -> check REF). Therefore, Amft et al. (2015) performed a conjunction analysis on regions involved both in the DMN and social or affective tasks, resulting in the eSAD. This network consists of the anterior cingulate cortex, bilateral amygdala and hippocampus, temporo-parietal junction, ventral basal ganglia, precuneus, subgenual cingulate cortex, ventromedial and dorsomedial prefrontal cortex and left middle temporal gyrus and sulcus (Amft et al., 2015)."
eSAD,9,-6,10,-8,Extended socio-affective default network,"The default mode network (Gusnard and Raichle, 2001 -> check REF) is closely linked to socio-affective processing (Schilbach et al., 2012 -> check REF). Therefore, Amft et al. (2015) performed a conjunction analysis on regions involved both in the DMN and social or affective tasks, resulting in the eSAD. This network consists of the anterior cingulate cortex, bilateral amygdala and hippocampus, temporo-parietal junction, ventral basal ganglia, precuneus, subgenual cingulate cortex, ventromedial and dorsomedial prefrontal cortex and left middle temporal gyrus and sulcus (Amft et al., 2015)."
eSAD,10,6,10,-8,Extended socio-affective default network,"The default mode network (Gusnard and Raichle, 2001 -> check REF) is closely linked to socio-affective processing (Schilbach et al., 2012 -> check REF). Therefore, Amft et al. (2015) performed a conjunction analysis on regions involved both in the DMN and social or affective tasks, resulting in the eSAD. This network consists of the anterior cingulate cortex, bilateral amygdala and hippocampus, temporo-parietal junction, ventral basal ganglia, precuneus, subgenual cingulate cortex, ventromedial and dorsomedial prefrontal cortex and left middle temporal gyrus and sulcus (Amft et al., 2015)."
eSAD,11,-2,50,-10,Extended socio-affective default network,"The default mode network (Gusnard and Raichle, 2001 -> check REF) is closely linked to socio-affective processing (Schilbach et al., 2012 -> check REF). Therefore, Amft et al. (2015) performed a conjunction analysis on regions involved both in the DMN and social or affective tasks, resulting in the eSAD. This network consists of the anterior cingulate cortex, bilateral amygdala and hippocampus, temporo-parietal junction, ventral basal ganglia, precuneus, subgenual cingulate cortex, ventromedial and dorsomedial prefrontal cortex and left middle temporal gyrus and sulcus (Amft et al., 2015)."
eSAD,12,-54,-10,-20,Extended socio-affective default network,"The default mode network (Gusnard and Raichle, 2001 -> check REF) is closely linked to socio-affective processing (Schilbach et al., 2012 -> check REF). Therefore, Amft et al. (2015) performed a conjunction analysis on regions involved both in the DMN and social or affective tasks, resulting in the eSAD. This network consists of the anterior cingulate cortex, bilateral amygdala and hippocampus, temporo-parietal junction, ventral basal ganglia, precuneus, subgenual cingulate cortex, ventromedial and dorsomedial prefrontal cortex and left middle temporal gyrus and sulcus (Amft et al., 2015)."
MNS,1,-56,8,28,Mirror neuron system,"Action observation and imitation tasks can give insight into the human mirror neuron system while avoiding invasive single-cell recordings used to study mirror neurons in non-human primates (Caspers, Zilles, Laird, & Eickhoff, 2016). A meta-analysis on action observation and imitation revealed an underlying network consisting of the bilateral inferior frontal gyrus, primary somatosensory cortex, lateral occipital lobe, right fusiform face and body area, left medial premotor cortex, left posterior middle temporal gyrus and right superior parietal lobe (Caspers et al., 2016)."
MNS,2,-54,6,40,Mirror neuron system,"Action observation and imitation tasks can give insight into the human mirror neuron system while avoiding invasive single-cell recordings used to study mirror neurons in non-human primates (Caspers, Zilles, Laird, & Eickhoff, 2016). A meta-analysis on action observation and imitation revealed an underlying network consisting of the bilateral inferior frontal gyrus, primary somatosensory cortex, lateral occipital lobe, right fusiform face and body area, left medial premotor cortex, left posterior middle temporal gyrus and right superior parietal lobe (Caspers et al., 2016)."
MNS,3,58,16,10,Mirror neuron system,"Action observation and imitation tasks can give insight into the human mirror neuron system while avoiding invasive single-cell recordings used to study mirror neurons in non-human primates (Caspers, Zilles, Laird, & Eickhoff, 2016). A meta-analysis on action observation and imitation revealed an underlying network consisting of the bilateral inferior frontal gyrus, primary somatosensory cortex, lateral occipital lobe, right fusiform face and body area, left medial premotor cortex, left posterior middle temporal gyrus and right superior parietal lobe (Caspers et al., 2016)."
MNS,4,44,-54,-20,Mirror neuron system,"Action observation and imitation tasks can give insight into the human mirror neuron system while avoiding invasive single-cell recordings used to study mirror neurons in non-human primates (Caspers, Zilles, Laird, & Eickhoff, 2016). A meta-analysis on action observation and imitation revealed an underlying network consisting of the bilateral inferior frontal gyrus, primary somatosensory cortex, lateral occipital lobe, right fusiform face and body area, left medial premotor cortex, left posterior middle temporal gyrus and right superior parietal lobe (Caspers et al., 2016)."
MNS,5,-38,-40,50,Mirror neuron system,"Action observation and imitation tasks can give insight into the human mirror neuron system while avoiding invasive single-cell recordings used to study mirror neurons in non-human primates (Caspers, Zilles, Laird, & Eickhoff, 2016). A meta-analysis on action observation and imitation revealed an underlying network consisting of the bilateral inferior frontal gyrus, primary somatosensory cortex, lateral occipital lobe, right fusiform face and body area, left medial premotor cortex, left posterior middle temporal gyrus and right superior parietal lobe (Caspers et al., 2016)."
MNS,6,51,-36,50,Mirror neuron system,"Action observation and imitation tasks can give insight into the human mirror neuron system while avoiding invasive single-cell recordings used to study mirror neurons in non-human primates (Caspers, Zilles, Laird, & Eickhoff, 2016). A meta-analysis on action observation and imitation revealed an underlying network consisting of the bilateral inferior frontal gyrus, primary somatosensory cortex, lateral occipital lobe, right fusiform face and body area, left medial premotor cortex, left posterior middle temporal gyrus and right superior parietal lobe (Caspers et al., 2016)."
MNS,7,-1,16,2,Mirror neuron system,"Action observation and imitation tasks can give insight into the human mirror neuron system while avoiding invasive single-cell recordings used to study mirror neurons in non-human primates (Caspers, Zilles, Laird, & Eickhoff, 2016). A meta-analysis on action observation and imitation revealed an underlying network consisting of the bilateral inferior frontal gyrus, primary somatosensory cortex, lateral occipital lobe, right fusiform face and body area, left medial premotor cortex, left posterior middle temporal gyrus and right superior parietal lobe (Caspers et al., 2016)."
MNS,8,-54,-50,10,Mirror neuron system,"Action observation and imitation tasks can give insight into the human mirror neuron system while avoiding invasive single-cell recordings used to study mirror neurons in non-human primates (Caspers, Zilles, Laird, & Eickhoff, 2016). A meta-analysis on action observation and imitation revealed an underlying network consisting of the bilateral inferior frontal gyrus, primary somatosensory cortex, lateral occipital lobe, right fusiform face and body area, left medial premotor cortex, left posterior middle temporal gyrus and right superior parietal lobe (Caspers et al., 2016)."
MNS,9,-52,-70,6,Mirror neuron system,"Action observation and imitation tasks can give insight into the human mirror neuron system while avoiding invasive single-cell recordings used to study mirror neurons in non-human primates (Caspers, Zilles, Laird, & Eickhoff, 2016). A meta-analysis on action observation and imitation revealed an underlying network consisting of the bilateral inferior frontal gyrus, primary somatosensory cortex, lateral occipital lobe, right fusiform face and body area, left medial premotor cortex, left posterior middle temporal gyrus and right superior parietal lobe (Caspers et al., 2016)."
MNS,10,54,-64,4,Mirror neuron system,"Action observation and imitation tasks can give insight into the human mirror neuron system while avoiding invasive single-cell recordings used to study mirror neurons in non-human primates (Caspers, Zilles, Laird, & Eickhoff, 2016). A meta-analysis on action observation and imitation revealed an underlying network consisting of the bilateral inferior frontal gyrus, primary somatosensory cortex, lateral occipital lobe, right fusiform face and body area, left medial premotor cortex, left posterior middle temporal gyrus and right superior parietal lobe (Caspers et al., 2016)."
MNS,11,30,-62,63,Mirror neuron system,"Action observation and imitation tasks can give insight into the human mirror neuron system while avoiding invasive single-cell recordings used to study mirror neurons in non-human primates (Caspers, Zilles, Laird, & Eickhoff, 2016). A meta-analysis on action observation and imitation revealed an underlying network consisting of the bilateral inferior frontal gyrus, primary somatosensory cortex, lateral occipital lobe, right fusiform face and body area, left medial premotor cortex, left posterior middle temporal gyrus and right superior parietal lobe (Caspers et al., 2016)."
Motor,1,-39,-21,54,Motor,"To investigate a brain network linked to motor function, a meta-analysis on finger tapping tasks was performed by Witt et al. (2008). The brain regions consistently activated were the bilateral sensorimotor cortex, basal ganglia, anterior cerebellum, inferior parietal cortex, left ventral premotor cortex and supplementary motor area (Witt, Meyerand, & Laird, 2008)."
Motor,2,41,-16,57,Motor,"To investigate a brain network linked to motor function, a meta-analysis on finger tapping tasks was performed by Witt et al. (2008). The brain regions consistently activated were the bilateral sensorimotor cortex, basal ganglia, anterior cerebellum, inferior parietal cortex, left ventral premotor cortex and supplementary motor area (Witt, Meyerand, & Laird, 2008)."
Motor,3,-3,-2,54,Motor,"To investigate a brain network linked to motor function, a meta-analysis on finger tapping tasks was performed by Witt et al. (2008). The brain regions consistently activated were the bilateral sensorimotor cortex, basal ganglia, anterior cerebellum, inferior parietal cortex, left ventral premotor cortex and supplementary motor area (Witt, Meyerand, & Laird, 2008)."
Motor,4,-57,2,32,Motor,"To investigate a brain network linked to motor function, a meta-analysis on finger tapping tasks was performed by Witt et al. (2008). The brain regions consistently activated were the bilateral sensorimotor cortex, basal ganglia, anterior cerebellum, inferior parietal cortex, left ventral premotor cortex and supplementary motor area (Witt, Meyerand, & Laird, 2008)."
Motor,5,-53,-24,21,Motor,"To investigate a brain network linked to motor function, a meta-analysis on finger tapping tasks was performed by Witt et al. (2008). The brain regions consistently activated were the bilateral sensorimotor cortex, basal ganglia, anterior cerebellum, inferior parietal cortex, left ventral premotor cortex and supplementary motor area (Witt, Meyerand, & Laird, 2008)."
Motor,6,45,-38,48,Motor,"To investigate a brain network linked to motor function, a meta-analysis on finger tapping tasks was performed by Witt et al. (2008). The brain regions consistently activated were the bilateral sensorimotor cortex, basal ganglia, anterior cerebellum, inferior parietal cortex, left ventral premotor cortex and supplementary motor area (Witt, Meyerand, & Laird, 2008)."
Motor,7,-23,-7,1,Motor,"To investigate a brain network linked to motor function, a meta-analysis on finger tapping tasks was performed by Witt et al. (2008). The brain regions consistently activated were the bilateral sensorimotor cortex, basal ganglia, anterior cerebellum, inferior parietal cortex, left ventral premotor cortex and supplementary motor area (Witt, Meyerand, & Laird, 2008)."
Motor,8,25,-8,3,Motor,"To investigate a brain network linked to motor function, a meta-analysis on finger tapping tasks was performed by Witt et al. (2008). The brain regions consistently activated were the bilateral sensorimotor cortex, basal ganglia, anterior cerebellum, inferior parietal cortex, left ventral premotor cortex and supplementary motor area (Witt, Meyerand, & Laird, 2008)."
Motor,9,-22,-52,26,Motor,"To investigate a brain network linked to motor function, a meta-analysis on finger tapping tasks was performed by Witt et al. (2008). The brain regions consistently activated were the bilateral sensorimotor cortex, basal ganglia, anterior cerebellum, inferior parietal cortex, left ventral premotor cortex and supplementary motor area (Witt, Meyerand, & Laird, 2008)."
Motor,10,18,-54,-22,Motor,"To investigate a brain network linked to motor function, a meta-analysis on finger tapping tasks was performed by Witt et al. (2008). The brain regions consistently activated were the bilateral sensorimotor cortex, basal ganglia, anterior cerebellum, inferior parietal cortex, left ventral premotor cortex and supplementary motor area (Witt, Meyerand, & Laird, 2008)."
Rew,1,12,10,-6,Reward,"A meta-analysis on reward-related decision making revealed a network consisting of the bilateral insula, thalamus, brain stem, mid-orbitofrontal cortex, middle frontal gyrus, right nucleus accumbens, left pallidum, left dorsomedial prefrontal cortex, left medial orbitofrontal cortex, right amygdala, supplementary motor area, anterior and posterior cingulate cortex, left inferior parietal lobe, right angular gyrus,  left frontal pole and left superior frontal gyrus (Liu, Hairston, Schrier, & Fan, 2011)."
Rew,2,-10,8,-4,Reward,"A meta-analysis on reward-related decision making revealed a network consisting of the bilateral insula, thalamus, brain stem, mid-orbitofrontal cortex, middle frontal gyrus, right nucleus accumbens, left pallidum, left dorsomedial prefrontal cortex, left medial orbitofrontal cortex, right amygdala, supplementary motor area, anterior and posterior cingulate cortex, left inferior parietal lobe, right angular gyrus,  left frontal pole and left superior frontal gyrus (Liu, Hairston, Schrier, & Fan, 2011)."
Rew,3,36,20,-6,Reward,"A meta-analysis on reward-related decision making revealed a network consisting of the bilateral insula, thalamus, brain stem, mid-orbitofrontal cortex, middle frontal gyrus, right nucleus accumbens, left pallidum, left dorsomedial prefrontal cortex, left medial orbitofrontal cortex, right amygdala, supplementary motor area, anterior and posterior cingulate cortex, left inferior parietal lobe, right angular gyrus,  left frontal pole and left superior frontal gyrus (Liu, Hairston, Schrier, & Fan, 2011)."
Rew,4,-32,20,-4,Reward,"A meta-analysis on reward-related decision making revealed a network consisting of the bilateral insula, thalamus, brain stem, mid-orbitofrontal cortex, middle frontal gyrus, right nucleus accumbens, left pallidum, left dorsomedial prefrontal cortex, left medial orbitofrontal cortex, right amygdala, supplementary motor area, anterior and posterior cingulate cortex, left inferior parietal lobe, right angular gyrus,  left frontal pole and left superior frontal gyrus (Liu, Hairston, Schrier, & Fan, 2011)."
Rew,5,0,24,40,Reward,"A meta-analysis on reward-related decision making revealed a network consisting of the bilateral insula, thalamus, brain stem, mid-orbitofrontal cortex, middle frontal gyrus, right nucleus accumbens, left pallidum, left dorsomedial prefrontal cortex, left medial orbitofrontal cortex, right amygdala, supplementary motor area, anterior and posterior cingulate cortex, left inferior parietal lobe, right angular gyrus,  left frontal pole and left superior frontal gyrus (Liu, Hairston, Schrier, & Fan, 2011)."
Rew,6,0,54,-8,Reward,"A meta-analysis on reward-related decision making revealed a network consisting of the bilateral insula, thalamus, brain stem, mid-orbitofrontal cortex, middle frontal gyrus, right nucleus accumbens, left pallidum, left dorsomedial prefrontal cortex, left medial orbitofrontal cortex, right amygdala, supplementary motor area, anterior and posterior cingulate cortex, left inferior parietal lobe, right angular gyrus,  left frontal pole and left superior frontal gyrus (Liu, Hairston, Schrier, & Fan, 2011)."
Rew,7,24,-2,-16,Reward,"A meta-analysis on reward-related decision making revealed a network consisting of the bilateral insula, thalamus, brain stem, mid-orbitofrontal cortex, middle frontal gyrus, right nucleus accumbens, left pallidum, left dorsomedial prefrontal cortex, left medial orbitofrontal cortex, right amygdala, supplementary motor area, anterior and posterior cingulate cortex, left inferior parietal lobe, right angular gyrus,  left frontal pole and left superior frontal gyrus (Liu, Hairston, Schrier, & Fan, 2011)."
Rew,8,6,-14,8,Reward,"A meta-analysis on reward-related decision making revealed a network consisting of the bilateral insula, thalamus, brain stem, mid-orbitofrontal cortex, middle frontal gyrus, right nucleus accumbens, left pallidum, left dorsomedial prefrontal cortex, left medial orbitofrontal cortex, right amygdala, supplementary motor area, anterior and posterior cingulate cortex, left inferior parietal lobe, right angular gyrus,  left frontal pole and left superior frontal gyrus (Liu, Hairston, Schrier, & Fan, 2011)."
Rew,9,-6,-16,8,Reward,"A meta-analysis on reward-related decision making revealed a network consisting of the bilateral insula, thalamus, brain stem, mid-orbitofrontal cortex, middle frontal gyrus, right nucleus accumbens, left pallidum, left dorsomedial prefrontal cortex, left medial orbitofrontal cortex, right amygdala, supplementary motor area, anterior and posterior cingulate cortex, left inferior parietal lobe, right angular gyrus,  left frontal pole and left superior frontal gyrus (Liu, Hairston, Schrier, & Fan, 2011)."
Rew,10,0,8,48,Reward,"A meta-analysis on reward-related decision making revealed a network consisting of the bilateral insula, thalamus, brain stem, mid-orbitofrontal cortex, middle frontal gyrus, right nucleus accumbens, left pallidum, left dorsomedial prefrontal cortex, left medial orbitofrontal cortex, right amygdala, supplementary motor area, anterior and posterior cingulate cortex, left inferior parietal lobe, right angular gyrus,  left frontal pole and left superior frontal gyrus (Liu, Hairston, Schrier, & Fan, 2011)."
Rew,11,8,-18,-10,Reward,"A meta-analysis on reward-related decision making revealed a network consisting of the bilateral insula, thalamus, brain stem, mid-orbitofrontal cortex, middle frontal gyrus, right nucleus accumbens, left pallidum, left dorsomedial prefrontal cortex, left medial orbitofrontal cortex, right amygdala, supplementary motor area, anterior and posterior cingulate cortex, left inferior parietal lobe, right angular gyrus,  left frontal pole and left superior frontal gyrus (Liu, Hairston, Schrier, & Fan, 2011)."
Rew,12,-6,-18,-10,Reward,"A meta-analysis on reward-related decision making revealed a network consisting of the bilateral insula, thalamus, brain stem, mid-orbitofrontal cortex, middle frontal gyrus, right nucleus accumbens, left pallidum, left dorsomedial prefrontal cortex, left medial orbitofrontal cortex, right amygdala, supplementary motor area, anterior and posterior cingulate cortex, left inferior parietal lobe, right angular gyrus,  left frontal pole and left superior frontal gyrus (Liu, Hairston, Schrier, & Fan, 2011)."
Rew,13,2,44,20,Reward,"A meta-analysis on reward-related decision making revealed a network consisting of the bilateral insula, thalamus, brain stem, mid-orbitofrontal cortex, middle frontal gyrus, right nucleus accumbens, left pallidum, left dorsomedial prefrontal cortex, left medial orbitofrontal cortex, right amygdala, supplementary motor area, anterior and posterior cingulate cortex, left inferior parietal lobe, right angular gyrus,  left frontal pole and left superior frontal gyrus (Liu, Hairston, Schrier, & Fan, 2011)."
Rew,14,-24,2,52,Reward,"A meta-analysis on reward-related decision making revealed a network consisting of the bilateral insula, thalamus, brain stem, mid-orbitofrontal cortex, middle frontal gyrus, right nucleus accumbens, left pallidum, left dorsomedial prefrontal cortex, left medial orbitofrontal cortex, right amygdala, supplementary motor area, anterior and posterior cingulate cortex, left inferior parietal lobe, right angular gyrus,  left frontal pole and left superior frontal gyrus (Liu, Hairston, Schrier, & Fan, 2011)."
Rew,15,-38,-4,6,Reward,"A meta-analysis on reward-related decision making revealed a network consisting of the bilateral insula, thalamus, brain stem, mid-orbitofrontal cortex, middle frontal gyrus, right nucleus accumbens, left pallidum, left dorsomedial prefrontal cortex, left medial orbitofrontal cortex, right amygdala, supplementary motor area, anterior and posterior cingulate cortex, left inferior parietal lobe, right angular gyrus,  left frontal pole and left superior frontal gyrus (Liu, Hairston, Schrier, & Fan, 2011)."
Rew,16,24,40,-14,Reward,"A meta-analysis on reward-related decision making revealed a network consisting of the bilateral insula, thalamus, brain stem, mid-orbitofrontal cortex, middle frontal gyrus, right nucleus accumbens, left pallidum, left dorsomedial prefrontal cortex, left medial orbitofrontal cortex, right amygdala, supplementary motor area, anterior and posterior cingulate cortex, left inferior parietal lobe, right angular gyrus,  left frontal pole and left superior frontal gyrus (Liu, Hairston, Schrier, & Fan, 2011)."
Rew,17,-16,42,-14,Reward,"A meta-analysis on reward-related decision making revealed a network consisting of the bilateral insula, thalamus, brain stem, mid-orbitofrontal cortex, middle frontal gyrus, right nucleus accumbens, left pallidum, left dorsomedial prefrontal cortex, left medial orbitofrontal cortex, right amygdala, supplementary motor area, anterior and posterior cingulate cortex, left inferior parietal lobe, right angular gyrus,  left frontal pole and left superior frontal gyrus (Liu, Hairston, Schrier, & Fan, 2011)."
Rew,18,40,32,32,Reward,"A meta-analysis on reward-related decision making revealed a network consisting of the bilateral insula, thalamus, brain stem, mid-orbitofrontal cortex, middle frontal gyrus, right nucleus accumbens, left pallidum, left dorsomedial prefrontal cortex, left medial orbitofrontal cortex, right amygdala, supplementary motor area, anterior and posterior cingulate cortex, left inferior parietal lobe, right angular gyrus,  left frontal pole and left superior frontal gyrus (Liu, Hairston, Schrier, & Fan, 2011)."
Rew,19,-28,-56,48,Reward,"A meta-analysis on reward-related decision making revealed a network consisting of the bilateral insula, thalamus, brain stem, mid-orbitofrontal cortex, middle frontal gyrus, right nucleus accumbens, left pallidum, left dorsomedial prefrontal cortex, left medial orbitofrontal cortex, right amygdala, supplementary motor area, anterior and posterior cingulate cortex, left inferior parietal lobe, right angular gyrus,  left frontal pole and left superior frontal gyrus (Liu, Hairston, Schrier, & Fan, 2011)."
Rew,20,28,-58,50,Reward,"A meta-analysis on reward-related decision making revealed a network consisting of the bilateral insula, thalamus, brain stem, mid-orbitofrontal cortex, middle frontal gyrus, right nucleus accumbens, left pallidum, left dorsomedial prefrontal cortex, left medial orbitofrontal cortex, right amygdala, supplementary motor area, anterior and posterior cingulate cortex, left inferior parietal lobe, right angular gyrus,  left frontal pole and left superior frontal gyrus (Liu, Hairston, Schrier, & Fan, 2011)."
Rew,21,0,-32,32,Reward,"A meta-analysis on reward-related decision making revealed a network consisting of the bilateral insula, thalamus, brain stem, mid-orbitofrontal cortex, middle frontal gyrus, right nucleus accumbens, left pallidum, left dorsomedial prefrontal cortex, left medial orbitofrontal cortex, right amygdala, supplementary motor area, anterior and posterior cingulate cortex, left inferior parietal lobe, right angular gyrus,  left frontal pole and left superior frontal gyrus (Liu, Hairston, Schrier, & Fan, 2011)."
Rew,22,-36,50,10,Reward,"A meta-analysis on reward-related decision making revealed a network consisting of the bilateral insula, thalamus, brain stem, mid-orbitofrontal cortex, middle frontal gyrus, right nucleus accumbens, left pallidum, left dorsomedial prefrontal cortex, left medial orbitofrontal cortex, right amygdala, supplementary motor area, anterior and posterior cingulate cortex, left inferior parietal lobe, right angular gyrus,  left frontal pole and left superior frontal gyrus (Liu, Hairston, Schrier, & Fan, 2011)."
Rew,23,-46,42,-4,Reward,"A meta-analysis on reward-related decision making revealed a network consisting of the bilateral insula, thalamus, brain stem, mid-orbitofrontal cortex, middle frontal gyrus, right nucleus accumbens, left pallidum, left dorsomedial prefrontal cortex, left medial orbitofrontal cortex, right amygdala, supplementary motor area, anterior and posterior cingulate cortex, left inferior parietal lobe, right angular gyrus,  left frontal pole and left superior frontal gyrus (Liu, Hairston, Schrier, & Fan, 2011)."
Rew,24,30,4,50,Reward,"A meta-analysis on reward-related decision making revealed a network consisting of the bilateral insula, thalamus, brain stem, mid-orbitofrontal cortex, middle frontal gyrus, right nucleus accumbens, left pallidum, left dorsomedial prefrontal cortex, left medial orbitofrontal cortex, right amygdala, supplementary motor area, anterior and posterior cingulate cortex, left inferior parietal lobe, right angular gyrus,  left frontal pole and left superior frontal gyrus (Liu, Hairston, Schrier, & Fan, 2011)."
Rew,25,-22,30,48,Reward,"A meta-analysis on reward-related decision making revealed a network consisting of the bilateral insula, thalamus, brain stem, mid-orbitofrontal cortex, middle frontal gyrus, right nucleus accumbens, left pallidum, left dorsomedial prefrontal cortex, left medial orbitofrontal cortex, right amygdala, supplementary motor area, anterior and posterior cingulate cortex, left inferior parietal lobe, right angular gyrus,  left frontal pole and left superior frontal gyrus (Liu, Hairston, Schrier, & Fan, 2011)."
ToM,1,0,52,-12,Theory of mind,"The same meta-analysis additionally investigated theory of mind, the ability to contemplate another’s thoughts, desires and behaviour (Premack and Woodruff, 1978; Frith and Frith, 2003). Brain regions involved in theory of mind were the ventromedial and dorsomedial prefrontal cortex, frontopolar cortex, precuneus, bilateral temporo-parietal junction, temporal pole, middle temporal gyrus, posterior superior temporal sulcus, inferior frontal gyrus and right visual area V5 (Bzdok et al., 2012)."
ToM,2,2,58,12,Theory of mind,"The same meta-analysis additionally investigated theory of mind, the ability to contemplate another’s thoughts, desires and behaviour (Premack and Woodruff, 1978; Frith and Frith, 2003). Brain regions involved in theory of mind were the ventromedial and dorsomedial prefrontal cortex, frontopolar cortex, precuneus, bilateral temporo-parietal junction, temporal pole, middle temporal gyrus, posterior superior temporal sulcus, inferior frontal gyrus and right visual area V5 (Bzdok et al., 2012)."
ToM,3,-8,56,30,Theory of mind,"The same meta-analysis additionally investigated theory of mind, the ability to contemplate another’s thoughts, desires and behaviour (Premack and Woodruff, 1978; Frith and Frith, 2003). Brain regions involved in theory of mind were the ventromedial and dorsomedial prefrontal cortex, frontopolar cortex, precuneus, bilateral temporo-parietal junction, temporal pole, middle temporal gyrus, posterior superior temporal sulcus, inferior frontal gyrus and right visual area V5 (Bzdok et al., 2012)."
ToM,4,2,-56,30,Theory of mind,"The same meta-analysis additionally investigated theory of mind, the ability to contemplate another’s thoughts, desires and behaviour (Premack and Woodruff, 1978; Frith and Frith, 2003). Brain regions involved in theory of mind were the ventromedial and dorsomedial prefrontal cortex, frontopolar cortex, precuneus, bilateral temporo-parietal junction, temporal pole, middle temporal gyrus, posterior superior temporal sulcus, inferior frontal gyrus and right visual area V5 (Bzdok et al., 2012)."
ToM,5,56,-50,18,Theory of mind,"The same meta-analysis additionally investigated theory of mind, the ability to contemplate another’s thoughts, desires and behaviour (Premack and Woodruff, 1978; Frith and Frith, 2003). Brain regions involved in theory of mind were the ventromedial and dorsomedial prefrontal cortex, frontopolar cortex, precuneus, bilateral temporo-parietal junction, temporal pole, middle temporal gyrus, posterior superior temporal sulcus, inferior frontal gyrus and right visual area V5 (Bzdok et al., 2012)."
ToM,6,-48,-56,24,Theory of mind,"The same meta-analysis additionally investigated theory of mind, the ability to contemplate another’s thoughts, desires and behaviour (Premack and Woodruff, 1978; Frith and Frith, 2003). Brain regions involved in theory of mind were the ventromedial and dorsomedial prefrontal cortex, frontopolar cortex, precuneus, bilateral temporo-parietal junction, temporal pole, middle temporal gyrus, posterior superior temporal sulcus, inferior frontal gyrus and right visual area V5 (Bzdok et al., 2012)."
ToM,7,54,-2,-20,Theory of mind,"The same meta-analysis additionally investigated theory of mind, the ability to contemplate another’s thoughts, desires and behaviour (Premack and Woodruff, 1978; Frith and Frith, 2003). Brain regions involved in theory of mind were the ventromedial and dorsomedial prefrontal cortex, frontopolar cortex, precuneus, bilateral temporo-parietal junction, temporal pole, middle temporal gyrus, posterior superior temporal sulcus, inferior frontal gyrus and right visual area V5 (Bzdok et al., 2012)."
ToM,8,-54,-2,-24,Theory of mind,"The same meta-analysis additionally investigated theory of mind, the ability to contemplate another’s thoughts, desires and behaviour (Premack and Woodruff, 1978; Frith and Frith, 2003). Brain regions involved in theory of mind were the ventromedial and dorsomedial prefrontal cortex, frontopolar cortex, precuneus, bilateral temporo-parietal junction, temporal pole, middle temporal gyrus, posterior superior temporal sulcus, inferior frontal gyrus and right visual area V5 (Bzdok et al., 2012)."
ToM,9,52,-18,-12,Theory of mind,"The same meta-analysis additionally investigated theory of mind, the ability to contemplate another’s thoughts, desires and behaviour (Premack and Woodruff, 1978; Frith and Frith, 2003). Brain regions involved in theory of mind were the ventromedial and dorsomedial prefrontal cortex, frontopolar cortex, precuneus, bilateral temporo-parietal junction, temporal pole, middle temporal gyrus, posterior superior temporal sulcus, inferior frontal gyrus and right visual area V5 (Bzdok et al., 2012)."
ToM,10,-54,-28,-4,Theory of mind,"The same meta-analysis additionally investigated theory of mind, the ability to contemplate another’s thoughts, desires and behaviour (Premack and Woodruff, 1978; Frith and Frith, 2003). Brain regions involved in theory of mind were the ventromedial and dorsomedial prefrontal cortex, frontopolar cortex, precuneus, bilateral temporo-parietal junction, temporal pole, middle temporal gyrus, posterior superior temporal sulcus, inferior frontal gyrus and right visual area V5 (Bzdok et al., 2012)."
ToM,11,50,-34,0,Theory of mind,"The same meta-analysis additionally investigated theory of mind, the ability to contemplate another’s thoughts, desires and behaviour (Premack and Woodruff, 1978; Frith and Frith, 2003). Brain regions involved in theory of mind were the ventromedial and dorsomedial prefrontal cortex, frontopolar cortex, precuneus, bilateral temporo-parietal junction, temporal pole, middle temporal gyrus, posterior superior temporal sulcus, inferior frontal gyrus and right visual area V5 (Bzdok et al., 2012)."
ToM,12,-58,-44,4,Theory of mind,"The same meta-analysis additionally investigated theory of mind, the ability to contemplate another’s thoughts, desires and behaviour (Premack and Woodruff, 1978; Frith and Frith, 2003). Brain regions involved in theory of mind were the ventromedial and dorsomedial prefrontal cortex, frontopolar cortex, precuneus, bilateral temporo-parietal junction, temporal pole, middle temporal gyrus, posterior superior temporal sulcus, inferior frontal gyrus and right visual area V5 (Bzdok et al., 2012)."
ToM,13,54,28,6,Theory of mind,"The same meta-analysis additionally investigated theory of mind, the ability to contemplate another’s thoughts, desires and behaviour (Premack and Woodruff, 1978; Frith and Frith, 2003). Brain regions involved in theory of mind were the ventromedial and dorsomedial prefrontal cortex, frontopolar cortex, precuneus, bilateral temporo-parietal junction, temporal pole, middle temporal gyrus, posterior superior temporal sulcus, inferior frontal gyrus and right visual area V5 (Bzdok et al., 2012)."
ToM,14,-48,30,-12,Theory of mind,"The same meta-analysis additionally investigated theory of mind, the ability to contemplate another’s thoughts, desires and behaviour (Premack and Woodruff, 1978; Frith and Frith, 2003). Brain regions involved in theory of mind were the ventromedial and dorsomedial prefrontal cortex, frontopolar cortex, precuneus, bilateral temporo-parietal junction, temporal pole, middle temporal gyrus, posterior superior temporal sulcus, inferior frontal gyrus and right visual area V5 (Bzdok et al., 2012)."
ToM,15,48,-72,8,Theory of mind,"The same meta-analysis additionally investigated theory of mind, the ability to contemplate another’s thoughts, desires and behaviour (Premack and Woodruff, 1978; Frith and Frith, 2003). Brain regions involved in theory of mind were the ventromedial and dorsomedial prefrontal cortex, frontopolar cortex, precuneus, bilateral temporo-parietal junction, temporal pole, middle temporal gyrus, posterior superior temporal sulcus, inferior frontal gyrus and right visual area V5 (Bzdok et al., 2012)."
VigAtt,1,-2,8,50,Vigilant attention,"Vigilant attention describes the ability to maintain attention on repetitive and unengaging tasks for which not much cognitive effort is needed (Langner & Eickhoff, 2013). The network underlying this cognitive function consists of the anterior paracentral lobe, right medial posterior superior frontal gyrus, dorsal midcingulate cortex, bilateral inferior frontal junction, anterior insula, thalamus, right inferior frontal sulcus, left precentral gyrus, left inferior occipital gyrus, right temporo-parietal junction, right middle occipital gyrus, right inferior parietal lobe and cerebellum (Langner & Eickhoff, 2013)."
VigAtt,2,8,32,46,Vigilant attention,"Vigilant attention describes the ability to maintain attention on repetitive and unengaging tasks for which not much cognitive effort is needed (Langner & Eickhoff, 2013). The network underlying this cognitive function consists of the anterior paracentral lobe, right medial posterior superior frontal gyrus, dorsal midcingulate cortex, bilateral inferior frontal junction, anterior insula, thalamus, right inferior frontal sulcus, left precentral gyrus, left inferior occipital gyrus, right temporo-parietal junction, right middle occipital gyrus, right inferior parietal lobe and cerebellum (Langner & Eickhoff, 2013)."
VigAtt,3,0,26,34,Vigilant attention,"Vigilant attention describes the ability to maintain attention on repetitive and unengaging tasks for which not much cognitive effort is needed (Langner & Eickhoff, 2013). The network underlying this cognitive function consists of the anterior paracentral lobe, right medial posterior superior frontal gyrus, dorsal midcingulate cortex, bilateral inferior frontal junction, anterior insula, thalamus, right inferior frontal sulcus, left precentral gyrus, left inferior occipital gyrus, right temporo-parietal junction, right middle occipital gyrus, right inferior parietal lobe and cerebellum (Langner & Eickhoff, 2013)."
VigAtt,4,50,8,32,Vigilant attention,"Vigilant attention describes the ability to maintain attention on repetitive and unengaging tasks for which not much cognitive effort is needed (Langner & Eickhoff, 2013). The network underlying this cognitive function consists of the anterior paracentral lobe, right medial posterior superior frontal gyrus, dorsal midcingulate cortex, bilateral inferior frontal junction, anterior insula, thalamus, right inferior frontal sulcus, left precentral gyrus, left inferior occipital gyrus, right temporo-parietal junction, right middle occipital gyrus, right inferior parietal lobe and cerebellum (Langner & Eickhoff, 2013)."
VigAtt,5,40,22,-4,Vigilant attention,"Vigilant attention describes the ability to maintain attention on repetitive and unengaging tasks for which not much cognitive effort is needed (Langner & Eickhoff, 2013). The network underlying this cognitive function consists of the anterior paracentral lobe, right medial posterior superior frontal gyrus, dorsal midcingulate cortex, bilateral inferior frontal junction, anterior insula, thalamus, right inferior frontal sulcus, left precentral gyrus, left inferior occipital gyrus, right temporo-parietal junction, right middle occipital gyrus, right inferior parietal lobe and cerebellum (Langner & Eickhoff, 2013)."
VigAtt,6,46,36,20,Vigilant attention,"Vigilant attention describes the ability to maintain attention on repetitive and unengaging tasks for which not much cognitive effort is needed (Langner & Eickhoff, 2013). The network underlying this cognitive function consists of the anterior paracentral lobe, right medial posterior superior frontal gyrus, dorsal midcingulate cortex, bilateral inferior frontal junction, anterior insula, thalamus, right inferior frontal sulcus, left precentral gyrus, left inferior occipital gyrus, right temporo-parietal junction, right middle occipital gyrus, right inferior parietal lobe and cerebellum (Langner & Eickhoff, 2013)."
VigAtt,7,-40,-12,60,Vigilant attention,"Vigilant attention describes the ability to maintain attention on repetitive and unengaging tasks for which not much cognitive effort is needed (Langner & Eickhoff, 2013). The network underlying this cognitive function consists of the anterior paracentral lobe, right medial posterior superior frontal gyrus, dorsal midcingulate cortex, bilateral inferior frontal junction, anterior insula, thalamus, right inferior frontal sulcus, left precentral gyrus, left inferior occipital gyrus, right temporo-parietal junction, right middle occipital gyrus, right inferior parietal lobe and cerebellum (Langner & Eickhoff, 2013)."
VigAtt,8,-46,-68,-6,Vigilant attention,"Vigilant attention describes the ability to maintain attention on repetitive and unengaging tasks for which not much cognitive effort is needed (Langner & Eickhoff, 2013). The network underlying this cognitive function consists of the anterior paracentral lobe, right medial posterior superior frontal gyrus, dorsal midcingulate cortex, bilateral inferior frontal junction, anterior insula, thalamus, right inferior frontal sulcus, left precentral gyrus, left inferior occipital gyrus, right temporo-parietal junction, right middle occipital gyrus, right inferior parietal lobe and cerebellum (Langner & Eickhoff, 2013)."
VigAtt,9,-48,8,30,Vigilant attention,"Vigilant attention describes the ability to maintain attention on repetitive and unengaging tasks for which not much cognitive effort is needed (Langner & Eickhoff, 2013). The network underlying this cognitive function consists of the anterior paracentral lobe, right medial posterior superior frontal gyrus, dorsal midcingulate cortex, bilateral inferior frontal junction, anterior insula, thalamus, right inferior frontal sulcus, left precentral gyrus, left inferior occipital gyrus, right temporo-parietal junction, right middle occipital gyrus, right inferior parietal lobe and cerebellum (Langner & Eickhoff, 2013)."
VigAtt,10,62,-38,17,Vigilant attention,"Vigilant attention describes the ability to maintain attention on repetitive and unengaging tasks for which not much cognitive effort is needed (Langner & Eickhoff, 2013). The network underlying this cognitive function consists of the anterior paracentral lobe, right medial posterior superior frontal gyrus, dorsal midcingulate cortex, bilateral inferior frontal junction, anterior insula, thalamus, right inferior frontal sulcus, left precentral gyrus, left inferior occipital gyrus, right temporo-parietal junction, right middle occipital gyrus, right inferior parietal lobe and cerebellum (Langner & Eickhoff, 2013)."
VigAtt,11,8,-12,6,Vigilant attention,"Vigilant attention describes the ability to maintain attention on repetitive and unengaging tasks for which not much cognitive effort is needed (Langner & Eickhoff, 2013). The network underlying this cognitive function consists of the anterior paracentral lobe, right medial posterior superior frontal gyrus, dorsal midcingulate cortex, bilateral inferior frontal junction, anterior insula, thalamus, right inferior frontal sulcus, left precentral gyrus, left inferior occipital gyrus, right temporo-parietal junction, right middle occipital gyrus, right inferior parietal lobe and cerebellum (Langner & Eickhoff, 2013)."
VigAtt,12,32,-90,4,Vigilant attention,"Vigilant attention describes the ability to maintain attention on repetitive and unengaging tasks for which not much cognitive effort is needed (Langner & Eickhoff, 2013). The network underlying this cognitive function consists of the anterior paracentral lobe, right medial posterior superior frontal gyrus, dorsal midcingulate cortex, bilateral inferior frontal junction, anterior insula, thalamus, right inferior frontal sulcus, left precentral gyrus, left inferior occipital gyrus, right temporo-parietal junction, right middle occipital gyrus, right inferior parietal lobe and cerebellum (Langner & Eickhoff, 2013)."
VigAtt,13,-42,12,-2,Vigilant attention,"Vigilant attention describes the ability to maintain attention on repetitive and unengaging tasks for which not much cognitive effort is needed (Langner & Eickhoff, 2013). The network underlying this cognitive function consists of the anterior paracentral lobe, right medial posterior superior frontal gyrus, dorsal midcingulate cortex, bilateral inferior frontal junction, anterior insula, thalamus, right inferior frontal sulcus, left precentral gyrus, left inferior occipital gyrus, right temporo-parietal junction, right middle occipital gyrus, right inferior parietal lobe and cerebellum (Langner & Eickhoff, 2013)."
VigAtt,14,-10,-14,6,Vigilant attention,"Vigilant attention describes the ability to maintain attention on repetitive and unengaging tasks for which not much cognitive effort is needed (Langner & Eickhoff, 2013). The network underlying this cognitive function consists of the anterior paracentral lobe, right medial posterior superior frontal gyrus, dorsal midcingulate cortex, bilateral inferior frontal junction, anterior insula, thalamus, right inferior frontal sulcus, left precentral gyrus, left inferior occipital gyrus, right temporo-parietal junction, right middle occipital gyrus, right inferior parietal lobe and cerebellum (Langner & Eickhoff, 2013)."
VigAtt,15,6,-58,-18,Vigilant attention,"Vigilant attention describes the ability to maintain attention on repetitive and unengaging tasks for which not much cognitive effort is needed (Langner & Eickhoff, 2013). The network underlying this cognitive function consists of the anterior paracentral lobe, right medial posterior superior frontal gyrus, dorsal midcingulate cortex, bilateral inferior frontal junction, anterior insula, thalamus, right inferior frontal sulcus, left precentral gyrus, left inferior occipital gyrus, right temporo-parietal junction, right middle occipital gyrus, right inferior parietal lobe and cerebellum (Langner & Eickhoff, 2013)."
VigAtt,16,44,-44,46,Vigilant attention,"Vigilant attention describes the ability to maintain attention on repetitive and unengaging tasks for which not much cognitive effort is needed (Langner & Eickhoff, 2013). The network underlying this cognitive function consists of the anterior paracentral lobe, right medial posterior superior frontal gyrus, dorsal midcingulate cortex, bilateral inferior frontal junction, anterior insula, thalamus, right inferior frontal sulcus, left precentral gyrus, left inferior occipital gyrus, right temporo-parietal junction, right middle occipital gyrus, right inferior parietal lobe and cerebellum (Langner & Eickhoff, 2013)."
WM,1,-32,22,-2,Working memory,"Working memory describes the ability to encode, maintain and retrieve information over a short period of time. Brain regions commonly activated by working memory tasks include the bilateral anterior insula, inferior frontal gyrus, caudal and rostral lateral prefrontal cortex, posterior superior frontal gyrus, thalamus, cerebellum,  intraparietal sulcus, superior parietal lobe, left nucleus caudate and left globus pallidum (Rottschy et al., 2012)."
WM,2,-48,10,26,Working memory,"Working memory describes the ability to encode, maintain and retrieve information over a short period of time. Brain regions commonly activated by working memory tasks include the bilateral anterior insula, inferior frontal gyrus, caudal and rostral lateral prefrontal cortex, posterior superior frontal gyrus, thalamus, cerebellum,  intraparietal sulcus, superior parietal lobe, left nucleus caudate and left globus pallidum (Rottschy et al., 2012)."
WM,3,-46,26,24,Working memory,"Working memory describes the ability to encode, maintain and retrieve information over a short period of time. Brain regions commonly activated by working memory tasks include the bilateral anterior insula, inferior frontal gyrus, caudal and rostral lateral prefrontal cortex, posterior superior frontal gyrus, thalamus, cerebellum,  intraparietal sulcus, superior parietal lobe, left nucleus caudate and left globus pallidum (Rottschy et al., 2012)."
WM,4,-38,50,10,Working memory,"Working memory describes the ability to encode, maintain and retrieve information over a short period of time. Brain regions commonly activated by working memory tasks include the bilateral anterior insula, inferior frontal gyrus, caudal and rostral lateral prefrontal cortex, posterior superior frontal gyrus, thalamus, cerebellum,  intraparietal sulcus, superior parietal lobe, left nucleus caudate and left globus pallidum (Rottschy et al., 2012)."
WM,5,36,22,-6,Working memory,"Working memory describes the ability to encode, maintain and retrieve information over a short period of time. Brain regions commonly activated by working memory tasks include the bilateral anterior insula, inferior frontal gyrus, caudal and rostral lateral prefrontal cortex, posterior superior frontal gyrus, thalamus, cerebellum,  intraparietal sulcus, superior parietal lobe, left nucleus caudate and left globus pallidum (Rottschy et al., 2012)."
WM,6,50,14,24,Working memory,"Working memory describes the ability to encode, maintain and retrieve information over a short period of time. Brain regions commonly activated by working memory tasks include the bilateral anterior insula, inferior frontal gyrus, caudal and rostral lateral prefrontal cortex, posterior superior frontal gyrus, thalamus, cerebellum,  intraparietal sulcus, superior parietal lobe, left nucleus caudate and left globus pallidum (Rottschy et al., 2012)."
WM,7,44,34,32,Working memory,"Working memory describes the ability to encode, maintain and retrieve information over a short period of time. Brain regions commonly activated by working memory tasks include the bilateral anterior insula, inferior frontal gyrus, caudal and rostral lateral prefrontal cortex, posterior superior frontal gyrus, thalamus, cerebellum,  intraparietal sulcus, superior parietal lobe, left nucleus caudate and left globus pallidum (Rottschy et al., 2012)."
WM,8,38,54,6,Working memory,"Working memory describes the ability to encode, maintain and retrieve information over a short period of time. Brain regions commonly activated by working memory tasks include the bilateral anterior insula, inferior frontal gyrus, caudal and rostral lateral prefrontal cortex, posterior superior frontal gyrus, thalamus, cerebellum,  intraparietal sulcus, superior parietal lobe, left nucleus caudate and left globus pallidum (Rottschy et al., 2012)."
WM,9,2,18,48,Working memory,"Working memory describes the ability to encode, maintain and retrieve information over a short period of time. Brain regions commonly activated by working memory tasks include the bilateral anterior insula, inferior frontal gyrus, caudal and rostral lateral prefrontal cortex, posterior superior frontal gyrus, thalamus, cerebellum,  intraparietal sulcus, superior parietal lobe, left nucleus caudate and left globus pallidum (Rottschy et al., 2012)."
WM,10,-28,0,56,Working memory,"Working memory describes the ability to encode, maintain and retrieve information over a short period of time. Brain regions commonly activated by working memory tasks include the bilateral anterior insula, inferior frontal gyrus, caudal and rostral lateral prefrontal cortex, posterior superior frontal gyrus, thalamus, cerebellum,  intraparietal sulcus, superior parietal lobe, left nucleus caudate and left globus pallidum (Rottschy et al., 2012)."
WM,11,30,2,56,Working memory,"Working memory describes the ability to encode, maintain and retrieve information over a short period of time. Brain regions commonly activated by working memory tasks include the bilateral anterior insula, inferior frontal gyrus, caudal and rostral lateral prefrontal cortex, posterior superior frontal gyrus, thalamus, cerebellum,  intraparietal sulcus, superior parietal lobe, left nucleus caudate and left globus pallidum (Rottschy et al., 2012)."
WM,12,-42,-42,46,Working memory,"Working memory describes the ability to encode, maintain and retrieve information over a short period of time. Brain regions commonly activated by working memory tasks include the bilateral anterior insula, inferior frontal gyrus, caudal and rostral lateral prefrontal cortex, posterior superior frontal gyrus, thalamus, cerebellum,  intraparietal sulcus, superior parietal lobe, left nucleus caudate and left globus pallidum (Rottschy et al., 2012)."
WM,13,-34,-52,48,Working memory,"Working memory describes the ability to encode, maintain and retrieve information over a short period of time. Brain regions commonly activated by working memory tasks include the bilateral anterior insula, inferior frontal gyrus, caudal and rostral lateral prefrontal cortex, posterior superior frontal gyrus, thalamus, cerebellum,  intraparietal sulcus, superior parietal lobe, left nucleus caudate and left globus pallidum (Rottschy et al., 2012)."
WM,14,-24,-66,54,Working memory,"Working memory describes the ability to encode, maintain and retrieve information over a short period of time. Brain regions commonly activated by working memory tasks include the bilateral anterior insula, inferior frontal gyrus, caudal and rostral lateral prefrontal cortex, posterior superior frontal gyrus, thalamus, cerebellum,  intraparietal sulcus, superior parietal lobe, left nucleus caudate and left globus pallidum (Rottschy et al., 2012)."
WM,15,42,-44,44,Working memory,"Working memory describes the ability to encode, maintain and retrieve information over a short period of time. Brain regions commonly activated by working memory tasks include the bilateral anterior insula, inferior frontal gyrus, caudal and rostral lateral prefrontal cortex, posterior superior frontal gyrus, thalamus, cerebellum,  intraparietal sulcus, superior parietal lobe, left nucleus caudate and left globus pallidum (Rottschy et al., 2012)."
WM,16,32,-58,48,Working memory,"Working memory describes the ability to encode, maintain and retrieve information over a short period of time. Brain regions commonly activated by working memory tasks include the bilateral anterior insula, inferior frontal gyrus, caudal and rostral lateral prefrontal cortex, posterior superior frontal gyrus, thalamus, cerebellum,  intraparietal sulcus, superior parietal lobe, left nucleus caudate and left globus pallidum (Rottschy et al., 2012)."
WM,17,16,-66,56,Working memory,"Working memory describes the ability to encode, maintain and retrieve information over a short period of time. Brain regions commonly activated by working memory tasks include the bilateral anterior insula, inferior frontal gyrus, caudal and rostral lateral prefrontal cortex, posterior superior frontal gyrus, thalamus, cerebellum,  intraparietal sulcus, superior parietal lobe, left nucleus caudate and left globus pallidum (Rottschy et al., 2012)."
WM,18,-12,-12,12,Working memory,"Working memory describes the ability to encode, maintain and retrieve information over a short period of time. Brain regions commonly activated by working memory tasks include the bilateral anterior insula, inferior frontal gyrus, caudal and rostral lateral prefrontal cortex, posterior superior frontal gyrus, thalamus, cerebellum,  intraparietal sulcus, superior parietal lobe, left nucleus caudate and left globus pallidum (Rottschy et al., 2012)."
WM,19,-16,2,14,Working memory,"Working memory describes the ability to encode, maintain and retrieve information over a short period of time. Brain regions commonly activated by working memory tasks include the bilateral anterior insula, inferior frontal gyrus, caudal and rostral lateral prefrontal cortex, posterior superior frontal gyrus, thalamus, cerebellum,  intraparietal sulcus, superior parietal lobe, left nucleus caudate and left globus pallidum (Rottschy et al., 2012)."
WM,20,-16,0,2,Working memory,"Working memory describes the ability to encode, maintain and retrieve information over a short period of time. Brain regions commonly activated by working memory tasks include the bilateral anterior insula, inferior frontal gyrus, caudal and rostral lateral prefrontal cortex, posterior superior frontal gyrus, thalamus, cerebellum,  intraparietal sulcus, superior parietal lobe, left nucleus caudate and left globus pallidum (Rottschy et al., 2012)."
WM,21,12,-10,10,Working memory,"Working memory describes the ability to encode, maintain and retrieve information over a short period of time. Brain regions commonly activated by working memory tasks include the bilateral anterior insula, inferior frontal gyrus, caudal and rostral lateral prefrontal cortex, posterior superior frontal gyrus, thalamus, cerebellum,  intraparietal sulcus, superior parietal lobe, left nucleus caudate and left globus pallidum (Rottschy et al., 2012)."
WM,22,-34,-66,-20,Working memory,"Working memory describes the ability to encode, maintain and retrieve information over a short period of time. Brain regions commonly activated by working memory tasks include the bilateral anterior insula, inferior frontal gyrus, caudal and rostral lateral prefrontal cortex, posterior superior frontal gyrus, thalamus, cerebellum,  intraparietal sulcus, superior parietal lobe, left nucleus caudate and left globus pallidum (Rottschy et al., 2012)."
WM,23,32,-64,-18,Working memory,"Working memory describes the ability to encode, maintain and retrieve information over a short period of time. Brain regions commonly activated by working memory tasks include the bilateral anterior insula, inferior frontal gyrus, caudal and rostral lateral prefrontal cortex, posterior superior frontal gyrus, thalamus, cerebellum,  intraparietal sulcus, superior parietal lobe, left nucleus caudate and left globus pallidum (Rottschy et al., 2012)."
SM,1,-46,-69,28,Semantic memory,"Semantic memory entails the knowledge we gained from experience (Binder, Desai, Graves, & Conant, 2009). A meta-analysis revealed that the angular and supramarginal gyrus, middle temporal gyrus, posterior inferior temporal gyrus, mid-fusiform gyrus, parahippocampus, dorsomedial, ventromedial and orbital prefrontal cortex, superior, middle and inferior frontal gyrus, posterior cingulate gyrus and ventral precuneus were predominantly activated by studies employing semantic memory tasks (Binder et al., 2009)."
SM,2,-50,-56,31,Semantic memory,"Semantic memory entails the knowledge we gained from experience (Binder, Desai, Graves, & Conant, 2009). A meta-analysis revealed that the angular and supramarginal gyrus, middle temporal gyrus, posterior inferior temporal gyrus, mid-fusiform gyrus, parahippocampus, dorsomedial, ventromedial and orbital prefrontal cortex, superior, middle and inferior frontal gyrus, posterior cingulate gyrus and ventral precuneus were predominantly activated by studies employing semantic memory tasks (Binder et al., 2009)."
SM,3,-64,-44,-4,Semantic memory,"Semantic memory entails the knowledge we gained from experience (Binder, Desai, Graves, & Conant, 2009). A meta-analysis revealed that the angular and supramarginal gyrus, middle temporal gyrus, posterior inferior temporal gyrus, mid-fusiform gyrus, parahippocampus, dorsomedial, ventromedial and orbital prefrontal cortex, superior, middle and inferior frontal gyrus, posterior cingulate gyrus and ventral precuneus were predominantly activated by studies employing semantic memory tasks (Binder et al., 2009)."
SM,4,-47,-24,-17,Semantic memory,"Semantic memory entails the knowledge we gained from experience (Binder, Desai, Graves, & Conant, 2009). A meta-analysis revealed that the angular and supramarginal gyrus, middle temporal gyrus, posterior inferior temporal gyrus, mid-fusiform gyrus, parahippocampus, dorsomedial, ventromedial and orbital prefrontal cortex, superior, middle and inferior frontal gyrus, posterior cingulate gyrus and ventral precuneus were predominantly activated by studies employing semantic memory tasks (Binder et al., 2009)."
SM,5,-40,-12,-30,Semantic memory,"Semantic memory entails the knowledge we gained from experience (Binder, Desai, Graves, & Conant, 2009). A meta-analysis revealed that the angular and supramarginal gyrus, middle temporal gyrus, posterior inferior temporal gyrus, mid-fusiform gyrus, parahippocampus, dorsomedial, ventromedial and orbital prefrontal cortex, superior, middle and inferior frontal gyrus, posterior cingulate gyrus and ventral precuneus were predominantly activated by studies employing semantic memory tasks (Binder et al., 2009)."
SM,6,-8,-57,17,Semantic memory,"Semantic memory entails the knowledge we gained from experience (Binder, Desai, Graves, & Conant, 2009). A meta-analysis revealed that the angular and supramarginal gyrus, middle temporal gyrus, posterior inferior temporal gyrus, mid-fusiform gyrus, parahippocampus, dorsomedial, ventromedial and orbital prefrontal cortex, superior, middle and inferior frontal gyrus, posterior cingulate gyrus and ventral precuneus were predominantly activated by studies employing semantic memory tasks (Binder et al., 2009)."
SM,7,-20,36,44,Semantic memory,"Semantic memory entails the knowledge we gained from experience (Binder, Desai, Graves, & Conant, 2009). A meta-analysis revealed that the angular and supramarginal gyrus, middle temporal gyrus, posterior inferior temporal gyrus, mid-fusiform gyrus, parahippocampus, dorsomedial, ventromedial and orbital prefrontal cortex, superior, middle and inferior frontal gyrus, posterior cingulate gyrus and ventral precuneus were predominantly activated by studies employing semantic memory tasks (Binder et al., 2009)."
SM,8,-53,27,-4,Semantic memory,"Semantic memory entails the knowledge we gained from experience (Binder, Desai, Graves, & Conant, 2009). A meta-analysis revealed that the angular and supramarginal gyrus, middle temporal gyrus, posterior inferior temporal gyrus, mid-fusiform gyrus, parahippocampus, dorsomedial, ventromedial and orbital prefrontal cortex, superior, middle and inferior frontal gyrus, posterior cingulate gyrus and ventral precuneus were predominantly activated by studies employing semantic memory tasks (Binder et al., 2009)."
SM,9,54,-59,30,Semantic memory,"Semantic memory entails the knowledge we gained from experience (Binder, Desai, Graves, & Conant, 2009). A meta-analysis revealed that the angular and supramarginal gyrus, middle temporal gyrus, posterior inferior temporal gyrus, mid-fusiform gyrus, parahippocampus, dorsomedial, ventromedial and orbital prefrontal cortex, superior, middle and inferior frontal gyrus, posterior cingulate gyrus and ventral precuneus were predominantly activated by studies employing semantic memory tasks (Binder et al., 2009)."
SM,10,43,-72,31,Semantic memory,"Semantic memory entails the knowledge we gained from experience (Binder, Desai, Graves, & Conant, 2009). A meta-analysis revealed that the angular and supramarginal gyrus, middle temporal gyrus, posterior inferior temporal gyrus, mid-fusiform gyrus, parahippocampus, dorsomedial, ventromedial and orbital prefrontal cortex, superior, middle and inferior frontal gyrus, posterior cingulate gyrus and ventral precuneus were predominantly activated by studies employing semantic memory tasks (Binder et al., 2009)."
SM,11,-1,51,-7,Semantic memory,"Semantic memory entails the knowledge we gained from experience (Binder, Desai, Graves, & Conant, 2009). A meta-analysis revealed that the angular and supramarginal gyrus, middle temporal gyrus, posterior inferior temporal gyrus, mid-fusiform gyrus, parahippocampus, dorsomedial, ventromedial and orbital prefrontal cortex, superior, middle and inferior frontal gyrus, posterior cingulate gyrus and ventral precuneus were predominantly activated by studies employing semantic memory tasks (Binder et al., 2009)."
SM,12,-5,56,24,Semantic memory,"Semantic memory entails the knowledge we gained from experience (Binder, Desai, Graves, & Conant, 2009). A meta-analysis revealed that the angular and supramarginal gyrus, middle temporal gyrus, posterior inferior temporal gyrus, mid-fusiform gyrus, parahippocampus, dorsomedial, ventromedial and orbital prefrontal cortex, superior, middle and inferior frontal gyrus, posterior cingulate gyrus and ventral precuneus were predominantly activated by studies employing semantic memory tasks (Binder et al., 2009)."
SM,13,-31,-34,-16,Semantic memory,"Semantic memory entails the knowledge we gained from experience (Binder, Desai, Graves, & Conant, 2009). A meta-analysis revealed that the angular and supramarginal gyrus, middle temporal gyrus, posterior inferior temporal gyrus, mid-fusiform gyrus, parahippocampus, dorsomedial, ventromedial and orbital prefrontal cortex, superior, middle and inferior frontal gyrus, posterior cingulate gyrus and ventral precuneus were predominantly activated by studies employing semantic memory tasks (Binder et al., 2009)."
SM,14,-8,29,-10,Semantic memory,"Semantic memory entails the knowledge we gained from experience (Binder, Desai, Graves, & Conant, 2009). A meta-analysis revealed that the angular and supramarginal gyrus, middle temporal gyrus, posterior inferior temporal gyrus, mid-fusiform gyrus, parahippocampus, dorsomedial, ventromedial and orbital prefrontal cortex, superior, middle and inferior frontal gyrus, posterior cingulate gyrus and ventral precuneus were predominantly activated by studies employing semantic memory tasks (Binder et al., 2009)."
SM,15,-46,25,23,Semantic memory,"Semantic memory entails the knowledge we gained from experience (Binder, Desai, Graves, & Conant, 2009). A meta-analysis revealed that the angular and supramarginal gyrus, middle temporal gyrus, posterior inferior temporal gyrus, mid-fusiform gyrus, parahippocampus, dorsomedial, ventromedial and orbital prefrontal cortex, superior, middle and inferior frontal gyrus, posterior cingulate gyrus and ventral precuneus were predominantly activated by studies employing semantic memory tasks (Binder et al., 2009)."
SM,16,64,-41,-2,Semantic memory,"Semantic memory entails the knowledge we gained from experience (Binder, Desai, Graves, & Conant, 2009). A meta-analysis revealed that the angular and supramarginal gyrus, middle temporal gyrus, posterior inferior temporal gyrus, mid-fusiform gyrus, parahippocampus, dorsomedial, ventromedial and orbital prefrontal cortex, superior, middle and inferior frontal gyrus, posterior cingulate gyrus and ventral precuneus were predominantly activated by studies employing semantic memory tasks (Binder et al., 2009)."
SM,17,-43,-53,55,Semantic memory,"Semantic memory entails the knowledge we gained from experience (Binder, Desai, Graves, & Conant, 2009). A meta-analysis revealed that the angular and supramarginal gyrus, middle temporal gyrus, posterior inferior temporal gyrus, mid-fusiform gyrus, parahippocampus, dorsomedial, ventromedial and orbital prefrontal cortex, superior, middle and inferior frontal gyrus, posterior cingulate gyrus and ventral precuneus were predominantly activated by studies employing semantic memory tasks (Binder et al., 2009)."
SM,18,-1,-18,40,Semantic memory,"Semantic memory entails the knowledge we gained from experience (Binder, Desai, Graves, & Conant, 2009). A meta-analysis revealed that the angular and supramarginal gyrus, middle temporal gyrus, posterior inferior temporal gyrus, mid-fusiform gyrus, parahippocampus, dorsomedial, ventromedial and orbital prefrontal cortex, superior, middle and inferior frontal gyrus, posterior cingulate gyrus and ventral precuneus were predominantly activated by studies employing semantic memory tasks (Binder et al., 2009)."
SM,19,-2,-56,46,Semantic memory,"Semantic memory entails the knowledge we gained from experience (Binder, Desai, Graves, & Conant, 2009). A meta-analysis revealed that the angular and supramarginal gyrus, middle temporal gyrus, posterior inferior temporal gyrus, mid-fusiform gyrus, parahippocampus, dorsomedial, ventromedial and orbital prefrontal cortex, superior, middle and inferior frontal gyrus, posterior cingulate gyrus and ventral precuneus were predominantly activated by studies employing semantic memory tasks (Binder et al., 2009)."
SM,20,51,20,26,Semantic memory,"Semantic memory entails the knowledge we gained from experience (Binder, Desai, Graves, & Conant, 2009). A meta-analysis revealed that the angular and supramarginal gyrus, middle temporal gyrus, posterior inferior temporal gyrus, mid-fusiform gyrus, parahippocampus, dorsomedial, ventromedial and orbital prefrontal cortex, superior, middle and inferior frontal gyrus, posterior cingulate gyrus and ventral precuneus were predominantly activated by studies employing semantic memory tasks (Binder et al., 2009)."
SM,21,64,-38,32,Semantic memory,"Semantic memory entails the knowledge we gained from experience (Binder, Desai, Graves, & Conant, 2009). A meta-analysis revealed that the angular and supramarginal gyrus, middle temporal gyrus, posterior inferior temporal gyrus, mid-fusiform gyrus, parahippocampus, dorsomedial, ventromedial and orbital prefrontal cortex, superior, middle and inferior frontal gyrus, posterior cingulate gyrus and ventral precuneus were predominantly activated by studies employing semantic memory tasks (Binder et al., 2009)."
SM,22,-23,26,-16,Semantic memory,"Semantic memory entails the knowledge we gained from experience (Binder, Desai, Graves, & Conant, 2009). A meta-analysis revealed that the angular and supramarginal gyrus, middle temporal gyrus, posterior inferior temporal gyrus, mid-fusiform gyrus, parahippocampus, dorsomedial, ventromedial and orbital prefrontal cortex, superior, middle and inferior frontal gyrus, posterior cingulate gyrus and ventral precuneus were predominantly activated by studies employing semantic memory tasks (Binder et al., 2009)."
SM,23,-5,-39,40,Semantic memory,"Semantic memory entails the knowledge we gained from experience (Binder, Desai, Graves, & Conant, 2009). A meta-analysis revealed that the angular and supramarginal gyrus, middle temporal gyrus, posterior inferior temporal gyrus, mid-fusiform gyrus, parahippocampus, dorsomedial, ventromedial and orbital prefrontal cortex, superior, middle and inferior frontal gyrus, posterior cingulate gyrus and ventral precuneus were predominantly activated by studies employing semantic memory tasks (Binder et al., 2009)."